Eng,Th
a,สระ
an,สระ
ability,ความสามารถ
about,เกี่ยวกับ
abroad,ในต่างประเทศ
absolutely,อย่างแน่นอน
accept,ยอมรับ
access,เข้าไป
accommodation,ที่พัก
according to,ตาม
accurate,ถูกต้อง
achieve,บรรลุ
acknowledge,รับทราบ
across,ข้าม
action,หนังบู๊
activity,กิจกรรม
actress,นักแสดงหญิง
actually,แท้จริง
adapt,ปรับ
addition,ส่วนที่เพิ่มเข้าไป
address,ที่อยู่
admire,ชื่นชม
adopt,นำมาใช้
Advance,แอ็ดวานซ์
Advantage,ความได้เปรียบ
Advertise,โฆษณา
Advertising,การโฆษณา
affair,เรื่อง
afford,จ่าย
after,หลังจาก
afterwards,ภายหลัง
against,ต่อต้าน
aged,มีอายุ
agenda,ระเบียบวาระการประชุม
aggressive,ก้าวร้าว
agree,ตกลง
ah,อา
aid,ช่วยเหลือ
air,อากาศ
airline,สายการบิน
alarm,สัญญาณเตือนภัย
alcohol,แอลกอฮอล์
alive,มีชีวิตอยู่
all right,ถูกต้อง
almost,เกือบจะ
along,ตาม
also,ด้วย
alternative,ทางเลือก
always,เสมอ
amazing,น่าอัศจรรย์
ambitious,ทะเยอทะยาน
amount,จำนวน
analysis,การวิเคราะห์
and,และ
angle,มุม
animal,สัตว์
anniversary,วันครบรอบ
announcement,การประกาศ
annoyed,รำคาญ
annual,ประจำปี
answer,ตอบ
any,ใด
any more,ใด ๆ เพิ่มเติม
anything,สิ่งใด
anywhere,ทุกแห่ง
apartment,อพาร์ทเม้น
app,แอป
apparently,เด่นชัด
appear,ปรากฏ
apple,แอปเปิ้ล
apply,ใช้
appreciate,ซาบซึ้ง
appropriate,จัดสรร
approve,อนุมัติ
April,เมษายน
architecture,สถาปัตยกรรม
argue,เถียง
arise,เกิดขึ้น
armed,อาวุธ
army,กองทัพบก
arrange,เตรียมการ
arrest,จับกุม
arrive,มาถึง
article,บทความ
artist,ศิลปิน
as,เช่น
asleep,นอนหลับ
aspect,แง่มุม
assessment,การประเมินผล
assist,ช่วยเหลือ
associate,ที่เกี่ยวข้อง
association,สมาคม
at,ที่
atmosphere,บรรยากาศ
attack,โจมตี
attend,เข้าร่วม
attitude,ท่าที
attraction,เสน่ห์
audience,ผู้ชม
aunt,ป้า
authority,อำนาจ
available,ใช้ได้
avoid,หลีกเลี่ยงการ
aware,ทราบ
awful,น่ากลัว
back,กลับ
backwards,ย้อนกลับ
bad,ไม่ดี
bag,ถุง
balance,สมดุล
ban,ห้าม
band,วงดนตรี
bank (river),ธนาคาร (แม่น้ำ)
barrier,อุปสรรค
baseball,กีฬาเบสบอล
basketball,บาสเกตบอล
basically,เป็นพื้น
bath,การอาบน้ำ
battery,แบตเตอรี่
be,เป็น
bean,ถั่ว
bear (animal),หมี (สัตว์)
beautiful,สวย
because,เพราะ
bed,เตียง
bee,ผึ้ง
beer,เบียร์
beg,ขอ
beginning,จุดเริ่มต้น
behaviour,พฤติกรรม
being,ความเป็นอยู่
believe,เชื่อ
belong,เป็นของ
belt,เข็มขัด
benefit,ประโยชน์
best,ดีที่สุด
better,ดีกว่า
beyond,เกิน
big,ใหญ่
bill,บิล
bin,ถัง
bird,นก
birthday,วันเกิด
bit,นิดหน่อย
bitter,ขม
blame,ตำหนิ
blind,ตาบอด
blog,บล็อก
blood,เลือด
blue,สีน้ำเงิน
boat,เรือ
boil,ต้ม
bond,พันธบัตร
book,หนังสือ
border,ชายแดน
boring,น่าเบื่อ
borrow,ยืม
both,ทั้งสอง
bottle,ขวด
bowl,ขัน
boy,เด็กผู้ชาย
brain,สมอง
brand,ยี่ห้อ
bread,ขนมปัง
breakfast,อาหารเช้า
breath,ลมหายใจ
breathing,การหายใจ
bridge,สะพาน
bright,สดใส
bring,นำมาซึ่ง
broadcast,ออกอากาศ
brother,พี่ชาย
brush,แปรง
budget,งบ
building,อาคาร
bunch,พวง
bury,ฝังศพ
bush,พุ่มไม้
businessman,นักธุรกิจ
but,แต่
button,ปุ่ม
by,โดย
cable,สายเคเบิล
cake,เค้ก
call,โทร
camera,กล้อง
campaign,รณรงค์
campus,วิทยาเขต
can2,Can2
cancer,โรคมะเร็ง
cannot,ไม่ได้
capable,สามารถ
capital,เมืองหลวง
capture,การจับกุม
card,บัตร
career,อาชีพ
carefully,รอบคอบ
carpet,พรม
carry,การพกพา
case,กรณี
cast,หล่อ
cat,แมว
category,ประเภท
CD,ซีดี
celebrate,ฉลอง
celebrity,ชื่อเสียง
cent,ร้อย
centre,ศูนย์
ceremony,พิธี
certainly,อย่างแน่นอน
chair,เก้าอี้
challenge,ท้าทาย
chance,โอกาส
channel,ช่อง
character,ตัวละคร
charge,ค่าใช้จ่าย
chart,แผนภูมิ
cheap,ถูก
check,ตรวจสอบ
cheerful,ร่าเริง
chemical,สารเคมี
chest,หน้าอก
chief,หัวหน้า
childhood,วัยเด็ก
chocolate,ช็อคโกแลต
choose,เลือก
cigarette,บุหรี่
circle,วงกลม
cite,อ้างอิง
city,เมือง
claim,ข้อเรียกร้อง
classic,คลาสสิก
classroom,ห้องเรียน
clean,สะอาด
clearly,อย่างเห็นได้ชัด
click,คลิก
climate,ภูมิอากาศ
clock,นาฬิกา
close2,close2
closely,อย่างใกล้ชิด
clothes,เสื้อผ้า
cloud,เมฆ
clue,เงื่อนงำ
coal,ถ่านหิน
coat,เสื้อโค้ท
coffee,กาแฟ
cold,เย็น
colleague,เพื่อนร่วมงาน
collection,ชุด
colour,สี
column,คอลัมน์
combine,รวมกัน
comedy,ความขบขัน
comfortable,สบาย
comment,คิดเห็น
commission,คณะกรรมาธิการ
commitment,ความมุ่งมั่น
common,ร่วมกัน
communicate,สื่อสาร
community,ชุมชน
compare,เปรียบเทียบ
compete,แข่งขัน
competitor,คู่แข่ง
complain,บ่น
complete,สมบูรณ์
complex,ซับซ้อน
component,ส่วนประกอบ
concentrate,สมาธิ
concept,แนวคิด
concerned,ที่เกี่ยวข้อง
conclude,เอาเป็นว่า
condition,เงื่อนไข
conference,การประชุม
confident,มั่นใจ
conflict,ขัดแย้ง
confused,สับสน
connect,การเชื่อมต่อ
connection,สัมพันธ์
consequence,ผลพวง
consider,พิจารณา
consist,ประกอบด้วย
constant,คงที่
construct,สร้าง
consume,บริโภค
contact,ติดต่อ
container,ภาชนะ
content,เนื้อหา
context,บริบท
continue,ต่อ
contract,สัญญา
contribute,สนับสนุน
control,ควบคุม
conversation,การสนทนา
convince,โน้มน้าวใจ
cook,ปรุงอาหาร
cooking,การปรุงอาหาร
copy,สำเนา
corner,มุม
correct,แก้ไข
cost,ราคา
cottage,กระท่อม
could,ได้
count,นับ
countryside,ชนบท
couple,คู่
course,หลักสูตร
cousin,ลูกพี่ลูกน้อง
covered,ปกคลุม
crash,ชน
cream,ครีม
creation,การสร้าง
creature,สัตว์
crew,พวกลูกเรือ
criminal,อาชญากร
criterion,เกณฑ์
critical,วิกฤติ
criticize,วิจารณ์
cross,ข้าม
crowded,แออัด
cruel,โหดร้าย
cultural,ด้านวัฒนธรรม
cup,ถ้วย
cure,รักษา
currency,เงินตรา
currently,ปัจจุบัน
curve,เส้นโค้ง
custom,กำหนดเอง
cut,ตัด
dad,พ่อ
damage,ความเสียหาย
dancer,นาฏ
danger,อันตราย
dark,มืด
date,วันที่
day,วัน
deal,จัดการ
death,ความตาย
debt,หนี้สิน
December,ธันวาคม
decide,ตัดสิน
declare,ประกาศ
decorate,ตกแต่ง
decrease,ลดลง
deeply,ลึก
defence,ป้องกัน
define,กำหนด
definitely,อย่างแน่นอน
degree,ระดับ
deliberate,พิจารณา
delicious,อร่อย
delighted,ยินดี
delivery,การจัดส่ง
demonstrate,สาธิต
deny,ปฏิเสธ
departure,การออกเดินทาง
depressed,หดหู่
depth,ความลึก
description,ลักษณะ
deserve,สมน้ำสมเนื้อ
designer,นักออกแบบ
desk,เคาน์เตอร์
despite,แม้จะมี
destroy,ทำลาย
detailed,รายละเอียด
detective,นักสืบ
determined,มุ่งมั่น
development,พัฒนาการ
diagram,แผนภาพ
diamond,เพชร
dictionary,พจนานุกรม
diet,อาหาร
different,ต่าง
difficult,ยาก
dig,ขุด
dinner,อาหารเย็น
direction,ทิศทาง
director,ผู้อำนวยการ
dirty,สกปรก
disagree,ไม่เห็นด้วย
disappointed,ผิดหวัง
disaster,ภัยพิบัติ
discipline,วินัย
discover,ค้นพบ
discuss,สนทนา
disease,โรค
dishonest,ไม่สุจริต
dismiss,ยกเลิก
distance,ระยะทาง
distribution,การกระจาย
divide,หาร
divorced,การหย่าร้าง
doctor,คุณหมอ
documentary,สารคดี
dollar,ดอลลาร์
dominate,ครอง
door,ประตู
doubt,สงสัย
download,ดาวน์โหลด
downwards,ลงต่ำ
draft,ร่าง
drama,ละคร
draw,วาด
dream,ฝัน
dressed,แต่งตัว
drive,ขับรถ
driving,การขับรถ
drug,ยา
drunk,เมา
due,ครบกำหนด
dust,ฝุ่น
DVD,ดีวีดี
ear,หู
earn,ได้รับ
earthquake,แผ่นดินไหว
east,ทางทิศตะวันออก
easy,ง่าย
economic,เศรษฐกิจ
edge,ขอบ
edition,ฉบับ
educate,ให้ความรู้
education,การศึกษา
effect,ผล
effectively,มีประสิทธิภาพ
effort,ความพยายาม
eight,แปด
eighty,แปดสิบ
elderly,สูงอายุ
election,การเลือกตั้ง
electrical,ไฟฟ้า
electronic,อิเล็กทรอนิกส์
elephant,ช้าง
else,อื่น
email,อีเมล
embarrassing,น่าอาย
emergency,กรณีฉุกเฉิน
emotional,อารมณ์
emphasize,เน้น
employee,ลูกจ้าง
employment,การจ้าง
enable,ทำให้สามารถ
encourage,ส่งเสริม
ending,สิ้นสุด
energy,พลังงาน
engaged,หมั้น
engineer,วิศวกร
enhance,ทำให้ดีขึ้น
enormous,มหาศาล
enquiry,การสอบสวน
enter,เข้าสู่
entertainment,การบันเทิง
enthusiastic,กระตือรือร้น
entirely,อย่างสิ้นเชิง
entry,การเข้า
environmental,สิ่งแวดล้อม
equal,เท่ากัน
equipment,อุปกรณ์
escape,หนี
essay,เรียงความ
establish,สร้าง
estimate,ประมาณการ
euro,ยูโร
even,แม้
event,เหตุการณ์
ever,เคย
everybody,ทุกคน
everyone,ทุกคน
everywhere,ทุกที่
evil,ชั่วร้าย
exactly,อย่างแน่นอน
examination,การตรวจสอบ
example,ตัวอย่าง
except,ยกเว้น
excited,ตื่นเต้น
exciting,น่าตื่นเต้น
executive,ฝ่ายบริหาร
exhibition,งานแสดงนิทรรศการ
existence,การดำรงอยู่
expect,คาดหวัง
expected,ที่คาดหวัง
expense,ค่าใช้จ่าย
experience,ประสบการณ์
experiment,การทดลอง
explain,อธิบาย
explode,ระเบิด
explore,สำรวจ
export,ส่งออก
express,ด่วน
extend,ต่ออายุ
external,ภายนอก
extraordinary,วิสามัญ
extremely,อย่างมาก
face,ใบหน้า
fact,ความจริง
factory,โรงงาน
failure,ความล้มเหลว
fairly,อย่างเป็นธรรม
fall,ตก
familiar,คุ้นเคย
famous,มีชื่อเสียง
fancy,แฟนซี
far,ห่างไกล
farmer,ชาวนา
fascinating,มโนหร
fashionable,ทันสมัย
fasten,ยึด
father,พ่อ
favour,โปรดปราน
fear,กลัว
feature,ลักษณะเฉพาะ
fee,ค่าธรรมเนียม
feedback,ข้อเสนอแนะ
feeling,ความรู้สึก
female,หญิง
festival,งานเทศกาล
fiction,เรื่องอ่านเล่น
fifteen,สิบห้า
fifty,ห้าสิบ
fighting,ศึก
file,ไฟล์
film,ฟิล์ม
finally,ในที่สุด
financial,การเงิน
finding,คำวินิจฉัย
finger,นิ้ว
fire,ไฟ
first,เป็นครั้งแรก
fish,ปลา
fit,พอดี
five,ห้า
fixed,แก้ไขแล้ว
flame,เปลวไฟ
flat,แบน
flight,เที่ยวบิน
flood,น้ำท่วม
flour,แป้ง
flower,ดอกไม้
fly,บิน
focus,โฟกัส
folding,พับได้
follow,ปฏิบัติตาม
food,อาหาร
football,ฟุตบอล
force,บังคับ
forest,ป่า
forget,ลืม
fork,ส้อม
formal,เป็นทางการ
fortunately,โชคดี
forty,สี่สิบ
found,พบ
fourteen,สิบสี่
frame,กรอบ
freedom,เสรีภาพ
frequency,ความถี่
fresh,สด
fridge,ตู้เย็น
friendly,เป็นมิตร
frighten,ขู่
frightening,น่ากลัว
from,จาก
frozen,แช่แข็ง
fry,ทอด
full,เต็ม
fun,สนุก
fund,กองทุน
funding,การระดมทุน
fur,ขน
further,ต่อไป
future,อนาคต
gallery,เฉลียง
gang,แก๊ง
garage,โรงรถ
gas,แก๊ส
gather,รวบรวม
generally,โดยทั่วไป
generation,รุ่น
genre,ประเภท
gentleman,สุภาพบุรุษ
get,ได้รับ
giant,ยักษ์
girl,สาว
give,ให้
glass,กระจก
glove,ถุงมือ
goal,เป้าหมาย
gold,ทอง
good,ดี
goods,สินค้า
government,รัฐบาล
grade,เกรด
graduate,จบการศึกษา
grand,ยิ่งใหญ่
grandmother,ยาย
grant,ทุน
grateful,กตัญญู
green,สีเขียว
grey,สีเทา
group,กลุ่ม
growth,การเจริญเติบโต
guard,ยาม
guest,แขก
guilty,รู้สึกผิด
gun,ปืน
gym,ยิม
hair,ผม
hall,ห้องโถง
handle,ด้ามจับ
happen,เกิดขึ้น
happiness,ความสุข
hard,ยาก
harm,อันตราย
hat,หมวก
have,มี
he,เขา
headache,อาการปวดหัว
health,สุขภาพ
hear,ได้ยิน
heart,หัวใจ
heating,เครื่องทำความร้อน
heavily,หนัก
heel,ส้น
helicopter,เฮลิคอปเตอร์
hello,สวัสดี
helpful,เป็นประโยชน์
here,ที่นี่
hers,ของเธอ
hesitate,ลังเล
hi,สวัสดี
high,สูง
highly,อย่างมาก
him,เขา
hire,จ้าง
historic,ประวัติศาสตร์
history,ประวัติศาสตร์
hobby,งานอดิเรก
hold,ถือ
holiday,วันหยุด
holy,ศักดิ์สิทธิ์
homework,การบ้าน
honour,เกียรติ
horrible,น่ากลัว
horse,ม้า
host,เจ้าภาพ
hotel,โรงแรม
house,บ้าน
housing,การเคหะ
however,อย่างไรก็ตาม
human,เป็นมนุษย์
humour,อารมณ์ขัน
hungry,หิว
hunting,การล่าสัตว์
hurry,รีบเร่ง
husband,สามี
ice,น้ำแข็ง
idea,ความคิด
identify,แยกแยะ
if,ถ้า
ill,ป่วย
illness,การเจ็บป่วย
illustration,ภาพประกอบ
imaginary,สมมุติขึ้น
imagine,จินตนาการ
immediately,ทันที
impact,ส่งผลกระทบ
imply,บ่งบอกถึง
importance,ความสำคัญ
impose,กำหนด
impress,ประทับใจ
impression,ความประทับใจ
improve,ทำให้ดีขึ้น
in,ใน
incident,อุบัติการณ์
included,ที่รวมอยู่
income,เงินได้
increasingly,ขึ้น
incredibly,เหลือเชื่อ
independent,อิสระ
indirect,ทางอ้อม
indoor,ในร่ม
industrial,ด้านอุตสาหกรรม
infection,การติดเชื้อ
inform,แจ้ง
information,ข้อมูล
initial,แรกเริ่ม
initiative,ความคิดริเริ่ม
injured,ที่ได้รับบาดเจ็บ
inner,ภายใน
insect,แมลง
insight,ข้อมูลเชิงลึก
inspire,สร้างแรงบันดาลใจ
instance,ตัวอย่าง
institute,สถาบัน
instruction,คำแนะนำ
instrument,เครื่องดนตรี
intelligence,สติปัญญา
intend,ตั้งใจ
intense,เข้มข้น
interest,น่าสนใจ
interesting,น่าสนใจ
international,ระหว่างประเทศ
interpret,ตีความ
interview,สัมภาษณ์
introduce,แนะนำ
invent,คิดค้น
invest,ลงทุน
investigation,ตรวจสอบ
invitation,คำเชิญ
involve,รวมถึง
iron,เหล็ก
issue,ปัญหา
it,มัน
its,ของมัน
jacket,แจ็คเก็ต
January,มกราคม
jeans,กางเกงยีนส์
job,งาน
joke,เรื่องตลก
journalist,นักข่าว
joy,ความปิติยินดี
judgement,การตัดสิน
July,กรกฎาคม
June,มิถุนายน
just,แค่
justify,แสดงให้เห็นถึง
keep,เก็บ
keyboard,แป้นพิมพ์
kid,เด็ก
killing,ที่ฆ่า
kind(type),ชนิด (ชนิด)
king,กษัตริย์
kitchen,ครัว
knife,มีด
know,ทราบ
lab,ห้องปฏิบัติการ
laboratory,ห้องปฏิบัติการ
lack,ไม่มี
lake,ทะเลสาป
land,ที่ดิน
language,ภาษา
large,ใหญ่
last1 (final),last1 (สุดท้าย)
late,สาย
latest,ล่าสุด
laughter,เสียงหัวเราะ
law,กฎหมาย
lay,วาง
lazy,ขี้เกียจ
leader,หัวหน้า
leading,ชั้นนำ
league,พันธมิตร
learn,เรียน
least,น้อยที่สุด
leave,ออกจาก
left,ซ้าย
legal,ถูกกฎหมาย
lemon,มะนาว
length,ความยาว
lesson,บทเรียน
letter,จดหมาย
library,ห้องสมุด
lie,โกหก
life,ชีวิต
lift,ยก
light (not heavy),แสง (ไม่หนัก)
like (find sb/sth pleasant),เช่น (พบ SB / ฏรื่นรมย์)
likely,เป็นไปได้
limited,ถูก จำกัด
link,ลิงค์
lip,ฝีปาก
list,รายการ
listener,ผู้ฟัง
little,น้อย
live2,live2
living,การดำรงชีวิต
loan,เงินกู้
locate,ตั้งอยู่
location,ที่ตั้ง
logical,ตรรกะ
long,ยาว
look,ดู
lord,เจ้า
lose,แพ้
lost,สูญหาย
loud,ดัง
love,รัก
low,ต่ำ
luck,โชค
lunch,อาหารกลางวัน
luxury,หรูหรา
mad,บ้า
magic,มายากล
main,หลัก
maintain,เก็บรักษา
majority,ส่วนใหญ่
male,ชาย
man,ชาย
management,การจัดการ
manner,ลักษณะ
map,แผนที่
mark,เครื่องหมาย
marketing,การตลาด
married,แต่งงาน
mass,มวล
master,เจ้านาย
matching,การจับคู่
mathematics,คณิตศาสตร์
matter,เรื่อง
May,อาจ
maybe,อาจจะ
meal,อาหาร
meaning,ความหมาย
meanwhile,ในขณะเดียวกัน
measurement,การวัด
media,สื่อ
medicine,ยา
meet,พบกัน
melt,ละลาย
memory,หน่วยความจำ
mention,กล่าวถึง
mess,ความยุ่งเหยิง
metal,โลหะ
metre,เมตร
midnight,เที่ยงคืน
mild,อ่อน
military,ทหาร
million number,ล้านหมายเลข
mine (belongs to me),การเหมืองแร่ (เป็นของฉัน)
mineral,แร่
minister,รัฐมนตรี
minority,ชนกลุ่มน้อย
mirror,กระจกเงา
missing,หายไป
mistake,ผิดพลาด
mixed,ผสม
mobile,โทรศัพท์มือถือ
modern,ทันสมัย
moment,ขณะ
money,เงิน
monkey,ลิง
mood,อารมณ์
moral,คุณธรรม
morning,ตอนเช้า
mostly,ส่วนใหญ่
motor,เครื่องยนต์
mount,ภูเขา
mouse,เม้าส์
move,ย้าย
movie,หนัง
mud,โคลน
multiply,คูณ
murder,ฆาตกรรม
museum,พิพิธภัณฑ์
musical,ดนตรี
must modal,ต้องเป็นกิริยาช่วย
myself,ตนเอง
mystery,ความลึกลับ
name,ชื่อ
narrow,แคบ
national,แห่งชาติ
natural,โดยธรรมชาติ
nature,ธรรมชาติ
nearly,เกือบ
necessarily,อย่างจำเป็น
neck,คอ
needle,เข็ม
neighbour,เพื่อนบ้าน
neither,ค่า
nervous,หงุดหงิด
network,เครือข่าย
nevertheless,แต่ถึงอย่างไร
news,ข่าว
next,ต่อไป
nice,ดี
nightmare,ฝันร้าย
nineteen,สิบเก้า
no,ไม่
nobody,ไม่มีใคร
noisy,ดัง
nor,ไม่
normally,ปกติ
northern,ภาคเหนือ
not,ไม่
nothing,ไม่มีอะไร
notion,ความคิด
November,พฤศจิกายน
nowhere,ไม่มีที่ไหนเลย
number,จำนวน
nurse,พยาบาล
obey,เชื่อฟัง
objective,วัตถุประสงค์
observation,การสังเกต
obtain,ได้รับ
obviously,อย่างชัดเจน
occasionally,เป็นครั้งคราว
ocean,มหาสมุทร
October,ตุลาคม
of,ของ
offence,การกระทำผิดกฎหมาย
offensive,น่ารังเกียจ
office,สำนักงาน
official,เป็นทางการ
oh,โอ้
OK,ตกลง
old-fashioned,หัวโบราณ
once,ครั้งหนึ่ง
onion,หัวหอม
only,เท่านั้น
open,เปิด
operate,ทำงาน
opinion,ความคิดเห็น
opportunity,โอกาส
opposed,ไม่เห็นด้วย
opposition,ฝ่ายค้าน
or,หรือ
order,ใบสั่ง
organ,อวัยวะ
organize,จัดระเบียบ
organizer,การจัดงาน
original,เป็นต้นฉบับ
other,อื่น ๆ
ought,ควร
ours,ของเราเอง
out,ออก
outdoor,กลางแจ้ง
outer,ด้านนอก
outside,ด้านนอก
over,เกิน
owe,เป็นหนี้
owner,เจ้าของ
pack,แพ็ค
page,หน้า
painful,เจ็บปวด
painter,จิตรกร
pair,คู่
pale,ซีด
panel,แผงหน้าปัด
paper,กระดาษ
parent,ผู้ปกครอง
parking,ที่จอดรถ
part,ส่วนหนึ่ง
participate,มีส่วนร่วม
particularly,โดยเฉพาะ
partner,หุ้นส่วน
pass,ผ่านไป
passenger,ผู้โดยสาร
passport,หนังสือเดินทาง
path,เส้นทาง
pattern,แบบแผน
payment,การชำระเงิน
peaceful,เงียบสงบ
pencil,ดินสอ
pension,เงินบำนาญ
pepper,พริกไทย
per cent,ร้อยละ
perfect,สมบูรณ์
perform,ปฏิบัติการ
perhaps,บางที
permanent,ถาวร
permit,ใบอนุญาต
personal,ส่วนบุคคล
personally,ส่วนตัว
persuade,ชักชวน
petrol,เบนซิน
phenomenon,ปรากฏการณ์
phone,โทรศัพท์
photograph,ถ่ายภาพ
photography,การถ่ายภาพ
physical,กายภาพ
piano,เปียโน
picture,ภาพ
pig,หมู
pilot,นักบิน
pink,สีชมพู
pitch,ขว้าง
plain,ที่ราบ
plane,เครื่องบิน
planning,การวางแผน
plastic,พลาสติก
platform,เวที
player,ผู้เล่น
please,กรุณา
pleasure,ความสุข
plot,พล็อต
pocket,กระเป๋าเสื้อ
poet,กวี
point,จุด
poison,ยาพิษ
police,ตำรวจ
policy,นโยบาย
political,ในทางการเมือง
politics,การเมือง
pool,สระ
pop,ป๊อปอัพ
popularity,ความนิยม
port,ท่าเรือ
pose,ก่อให้เกิด
positive,บวก
possession,สมบัติ
possible,เป็นไปได้
post,เสา
pot,หม้อ
potential,ที่อาจเกิดขึ้น
pour,เท
powder,ผง
powerful,มีอำนาจ
practice,การปฏิบัติ
praise,สรรเสริญ
prayer,การอธิษฐาน
prediction,คาดการณ์
pregnant,ตั้งครรภ์
prepare,เตรียมการ
presence,การมี
presentation,การเสนอ
president,ประธาน
pressure,ความดัน
pretty,น่ารัก
previous,ก่อน
price,ราคา
primary,ประถม
prince,เจ้าชาย
principle,หลัก
printer,เครื่องพิมพ์
priority,จัดลำดับความสำคัญ
prisoner,นักโทษ
private,เอกชน
probably,อาจ
procedure,ขั้นตอน
produce,การผลิต
product,สินค้า
profession,อาชีพ
professor,ศาสตราจารย์
profit,กำไร
programme,โปรแกรม
project,โครงการ
promote,ส่งเสริม
proof,พิสูจน์
properly,อย่างถูกต้อง
proposal,ข้อเสนอ
prospect,โอกาส
protection,การป้องกัน
proud,ภูมิใจ
provide,ให้
psychology,จิตวิทยา
public,สาธารณะ
publish,ประกาศ
punish,ลงโทษ
pupil,นักเรียน
pure,บริสุทธิ์
purpose,วัตถุประสงค์
push,ดัน
qualification,คุณสมบัติ
qualify,มีคุณสมบัติ
quantity,ปริมาณ
queen,พระราชินี
queue,คิว
quickly,อย่างรวดเร็ว
quietly,เงียบ ๆ
quite,ทีเดียว
quote,อ้างอิง
race (people),การแข่งขัน (คน)
radio,วิทยุ
rain,ฝน
range,พิสัย
rapid,รวดเร็ว
rare,หายาก
rate,ประเมินค่า
raw,ดิบ
react,เกิดปฏิกิริยา
read,อ่าน
reading,การอ่าน
real,จริง
reality,ความจริง
really,จริงๆ
reasonable,มีเหตุผล
receipt,ใบเสร็จรับเงิน
recent,เมื่อเร็ว ๆ นี้
reception,แผนกต้อนรับ
recognize,รับรู้
recommendation,ข้อเสนอแนะ
recording,การบันทึก
recycle,รีไซเคิล
reduce,ลด
refer,อ้างถึง
reflect,สะท้อน
regard,คำนึงถึง
regional,ของแคว้น
regret,เสียใจ
regularly,สม่ำเสมอ
reject,ปฏิเสธ
related,ที่เกี่ยวข้อง
relationship,ความสัมพันธ์
relatively,สัมพัทธ์
relaxed,ผ่อนคลาย
release,ปล่อย
reliable,น่าเชื่อถือ
religion,ศาสนา
rely,วางใจ
remark,สังเกต
remind,เตือน
remove,ลบ
repair,ซ่อมแซม
repeated,ซ้ำแล้วซ้ำอีก
reply,ตอบ
reporter,ผู้สื่อข่าว
representative,ตัวแทน
request,ขอร้อง
requirement,ความต้องการ
research,วิจัย
reservation,การจองห้องพัก
resident,ผู้อยู่อาศัย
resolve,แก้ไข
resource,ทรัพยากร
respond,ตอบสนอง
responsibility,ความรับผิดชอบ
rest (remaining part),ส่วนที่เหลือ (ส่วนที่เหลือ)
restaurant,ร้านอาหาร
retain,รักษา
retired,ถอยออก
reveal,เปิดเผย
revise,แก้ไขใหม่
reward,รางวัล
rice,ข้าว
rid,กำจัด
right,ขวา
ring,แหวน
risk,อันตราย
road,ถนน
rock (stone),ร็อค (หิน)
role,บทบาท
romantic,โรแมนติก
room,ห้อง
rope,เชือก
round,รอบ
routine,กิจวัตรประจำวัน
royal,หลวง
rubber,ยาง
rude,หยาบ
rule,กฎ
runner,ทางวิ่ง
rural,ชนบท
sad,เสียใจ
safe,ปลอดภัย
sail,แล่นเรือ
sailor,กะลาสี
salary,เงินเดือน
salt,เกลือ
sample,ตัวอย่าง
sandwich,แซนด์วิช
satisfied,ความพึงพอใจ
Saturday,วันเสาร์
save,บันทึก
say,พูด
scan,การสแกน
scary,น่ากลัว
schedule,ตารางเวลา
school,โรงเรียน
scientific,วิทยาศาสตร์
score,คะแนน
screen,จอภาพ
sculpture,ประติมากรรม
search,ค้นหา
seat,ที่นั่ง
second1 (unit of time),second1 (หน่วยเวลา)
secondly,ในประการที่สอง
secretary,เลขานุการ
sector,ภาค
security,ความปลอดภัย
seed,เมล็ดพันธุ์
seem,ดูเหมือน
selection,การเลือก
sell,ขาย
senior,ระดับอาวุโส
sensible,สมเหตุสมผล
sentence,ประโยค
September,กันยายน
series,ชุด
seriously,อย่างจริงจัง
serve,บริการ
session,เซสชั่น
set (group),ชุด (กลุ่ม)
settle,ชำระ
seventeen,สิบเจ็ด
several,หลาย
sex,เพศ
shade,ร่มเงา
shake,สั่น
shallow,ตื้น
shape,รูปร่าง
sharp,คม
sheep,แกะ
shelf,หิ้ง
shelter,ที่พักอาศัย
shine,เปล่งปลั่ง
ship,เรือ
shock,ช็อก
shoe,รองเท้า
shooting,การยิง
shopping,ช้อปปิ้ง
shot,การถ่ายภาพ
shoulder,ไหล่
show,แสดง
shut,ปิด
sick,ป่วย
sight,สายตา
signal,สัญญาณ
significantly,อย่างมีความหมาย
silent,เงียบ
silly,โง่
similar,คล้ายคลึงกัน
similarly,เหมือนกับ
simply,ง่ายดาย
sincere,จริงใจ
singer,นักร้อง
single,เดียว
sir,ท่าน
sit,นั่ง
situation,สถานการณ์
sixteen,สิบหก
size,ขนาด
skiing,การเล่นสกี
skin,ผิว
sky,ท้องฟ้า
sleep,นอน
slide,สไลด์
slightly,เล็กน้อย
slope,ลาด
slowly,ช้า
smart,ฉลาด
smell,กลิ่น
smoke,ควัน
smooth,เรียบ
snow,หิมะ
soap,สบู่
social,สังคม
sock,ถุงเท้า
software,ซอฟต์แวร์
solar,แสงอาทิตย์
solid,ของแข็ง
solve,แก้
somebody,บางคน
something,บางสิ่งบางอย่าง
somewhat,ค่อนข้าง
son,ลูกชาย
soon,ในไม่ช้า
sort,ประเภท
sound,เสียง
source,แหล่ง
southern,ทางใต้
speak,พูด
special,พิเศษ
species,สายพันธุ์
specifically,เฉพาะ
speed,ความเร็ว
spelling,การสะกดคำ
spending,การใช้จ่าย
spider,แมงมุม
spiritual,มโนมัย
spoken,พูด
spoon,ช้อน
spot,จุด
spring,ฤดูใบไม้ผลิ
stable,มีเสถียรภาพ
staff,บุคลากร
stair,บันได
stand,ยืน
star,ดาว
start,เริ่มต้น
statement,คำให้การ
statistic,สถิติ
status,สถานะ
steady,มั่นคง
steel,เหล็ก
step,ขั้นตอน
stick (piece of wood),ติด (ชิ้นส่วนของไม้)
stiff,แข็ง
stock,คลังสินค้า
stone,หิน
store,เก็บ
story,เรื่องราว
strange,แปลก
strategy,กลยุทธ์
street,ถนน
stress,ความตึงเครียด
strict,เข้มงวด
string,เชือก
strongly,เสถียร
struggle,การต่อสู้
studio,สตูดิโอ
stuff,สิ่ง
style,สไตล์
submit,เสนอ
succeed,ประสบความสำเร็จ
successful,ที่ประสบความสำเร็จ
such,อย่างเช่น
suddenly,ทันใดนั้น
sugar,น้ำตาล
suggestion,ข้อเสนอแนะ
suitable,เหมาะสม
summarize,สรุป
summer,ฤดูร้อน
Sunday,วันอาทิตย์
supply,จัดหา
supporter,ผู้สนับสนุน
sure,แน่ใจ
surface,พื้นผิว
surprise,แปลกใจ
surprising,น่าแปลกใจ
surrounding,ที่ล้อมรอบ
survive,อยู่รอด
swear,สาบาน
sweep,กวาด
swim,การว่ายน้ำ
switch,สวิตซ์
sympathy,ความเห็นอกเห็นใจ
system,ระบบ
tablet,แท็บเล็ต
take,เอา
talent,ความสามารถพิเศษ
talk,การพูดคุย
tank,ถัง
target,เป้า
taste,ลิ้มรส
taxi,รถแท็กซี่
teach,สอน
teaching,การสอน
tear1,tear1
technical,วิชาการ
technology,เทคโนโลยี
teenager,วัยโจ๋
television,โทรทัศน์
temperature,อุณหภูมิ
ten,สิบ
tennis,เทนนิส
term,วาระ
test,ทดสอบ
than,กว่า
thanks,ขอบคุณ
the,
their,ของพวกเขา
them,พวกเขา
themselves,ตัวเอง
theory,ทฤษฎี
there,ที่นั่น
they,พวกเขา
thief,ขโมย
thing,สิ่ง
thinking,ความคิด
thirsty,กระหายน้ำ
thirty,สามสิบ
though,แม้
thousand,พัน
threaten,ขู่
throat,ลำคอ
throughout,ตลอด
Thursday,วันพฤหัสบดี
ticket,ตั๋ว
tie,ผูก
till,จนถึง
tin,ดีบุก
tip,ปลาย
title,หัวข้อ
today,ในวันนี้
together,ด้วยกัน
tomato,มะเขือเทศ
tone,โทน
tonight,คืนนี้
tool,เครื่องมือ
top,ด้านบน
total,รวม
touch,สัมผัส
tour,การท่องเที่ยว
tourist,นักท่องเที่ยว
towel,ผ้าขนหนู
town,ตัวเมือง
track,ติดตาม
tradition,ประเพณี
traffic,การจราจร
trainer,ผู้ฝึกสอน
transfer,โอน
transition,การเปลี่ยนแปลง
translation,การแปล
travel,การท่องเที่ยว
treat,รักษา
tree,ต้นไม้
trial,การทดลอง
trip,การเดินทาง
trouble,ปัญหา
truck,รถบรรทุก
truly,อย่างแท้จริง
truth,ความจริง
T-shirt,เสื้อยืดคอกลม
Tuesday,วันอังคาร
tunnel,อุโมงค์
TV,โทรทัศน์
twenty,ยี่สิบ
twin,คู่
type,ชนิด
typically,เป็นปกติ
ugly,น่าเกลียด
umbrella,ร่ม
uncle,ลุง
unconscious,ไม่ได้สติ
underground,ใต้ดิน
understanding,ความเข้าใจ
unemployed,ว่างงาน
unexpected,ไม่คาดฝัน
unfortunately,น่าเสียดาย
uniform,เหมือนกัน
unique,เป็นเอกลักษณ์
united,ปึกแผ่น
university,มหาวิทยาลัย
unless,เว้นแต่
unlikely,ไม่แน่
unpleasant,ไม่เป็นที่พอใจ
unusual,ผิดปกติ
update,ปรับปรุง
upper,บน
upstairs,ชั้นบน
urban,ในเมือง
us,เรา
used,ใช้
useful,มีประโยชน์
usual,ตามปกติ
vacation,วันหยุด
valuable,มีคุณค่า
van,รถตู้
various,ต่างๆ
vast,กว้างใหญ่
vehicle,พาหนะ
version,รุ่น
via,ผ่านทาง
victory,ชัยชนะ
view,ดู
village,หมู่บ้าน
violent,รุนแรง
virus,ไวรัส
visit,เยือน
visual,ภาพ
vitamin,วิตามิน
volume,ปริมาณ
vote,โหวต
wait,รอ
wake,ปลุก
wall,ผนัง
war,สงคราม
warn,เตือน
wash,ล้าง
waste,ของเสีย
water,น้ำ
way,ทาง
weak,อ่อนแอ
wealth,ความมั่งคั่ง
weapon,อาวุธ
weather,สภาพอากาศ
website,เว็บไซต์
Wednesday,วันพุธ
weekend,สุดสัปดาห์
weight,น้ำหนัก
well,ดี
western,ตะวันตก
what,อะไร
wheel,ล้อ
whenever,เมื่อไรก็ตาม
whereas,แต่ทว่า
whether,ว่า
while,ในขณะที่
white,ขาว
whole,ทั้งหมด
whose,ใคร
wide,กว้าง
wife,ภรรยา
wildlife,ธรรมชาติ
willing,เต็มใจ
wind1,wind1
window,หน้าต่าง
wing,ปีก
winter,ฤดูหนาว
wise,ฉลาด
with,กับ
without,ไม่มี
woman,หญิง
wonderful,ยอดเยี่ยม
wooden,ทำด้วยไม้
word,คำ
worker,ผู้ปฏิบัติงาน
world,โลก
worried,กังวล
worse,แย่ลง
worth,คุ้มค่า
wound,บาดแผล
wrap,ห่อ
writer,นักเขียน
written,เขียน
yard,ลาน
year,ปี
yes,ใช่
yet,ยัง
young,หนุ่มสาว
yours,ของคุณ
youth,หนุ่ม
zone,โซน
abandon,ละทิ้ง
able,สามารถ
above,ข้างบน
absolute,แน่นอน
academic,วิชาการ
acceptable,ยอมรับได้
accident,อุบัติเหตุ
accompany,มากับ
account,บัญชีผู้ใช้
accuse,กล่าวโทษ
achievement,ความสำเร็จ
acquire,ซื้อ
act,ทำหน้าที่
active,คล่องแคล่ว
actor,นักแสดงชาย
actual,ที่จริง
ad,การโฆษณา
add,เพิ่ม
additional,เพิ่มเติม
administration,การบริหาร
admit,ยอมรับ
adult,ผู้ใหญ่
Advanced,สูง
Adventure,การผจญภัย
Advertisement,การโฆษณา
Advice,คำแนะนำ
affect,มีผลต่อ
afraid,เกรงกลัว
afternoon,ตอนบ่าย
again,อีกครั้ง
age,อายุ
agency,หน่วยงาน
agent,ตัวแทน
ago,มาแล้ว
agreement,ข้อตกลง
ahead,ล่วงหน้า
aim,จุดมุ่งหมาย
aircraft,อากาศยาน
airport,สนามบิน
album,อัลบั้ม
alcoholic,มีส่วนผสมของแอลกอฮอล์
all,ทั้งหมด
allow,อนุญาต
alone,คนเดียว
already,แล้ว
alter,แก้ไข
although,แม้ว่า
amazed,ประหลาดใจ
ambition,ความทะเยอทะยาน
among,ในหมู่
analyse,วิเคราะห์
ancient,โบราณ
anger,ความโกรธ
angry,โกรธ
ankle,ข้อเท้า
announce,ประกาศ
annoy,รบกวน
annoying,น่ารำคาญ
another,อื่น
anxious,กระวนกระวาย
anybody,ใคร ๆ
anyone,ใคร ๆ
anyway,อย่างไรก็ตาม
apart,ต่างหาก
apologize,ขอโทษ
apparent,เห็นได้ชัด
appeal,อุทธรณ์
appearance,การปรากฏ
application,ใบสมัคร
appointment,การแต่งตั้ง
approach,เข้าใกล้
approval,การอนุมัติ
approximately,ประมาณ
architect,สถาปนิก
area,พื้นที่
argument,การโต้เถียง
arm,แขน
arms,อาวุธ
around,รอบ
arrangement,การจัดการ
arrival,การมาถึง
art,ศิลปะ
artificial,เทียม
artistic,ศิลปะ
ashamed,ละอายใจ
ask,ถาม
assess,ประเมินผล
assignment,การมอบหมาย
assistant,ผู้ช่วย
associated,ที่เกี่ยวข้อง
assume,สมมติ
athlete,นักกีฬา
attach,แนบ
attempt,พยายาม
attention,ความสนใจ
attract,ดึงดูดใจ
attractive,มีเสน่ห์
August,สิงหาคม
author,ผู้เขียน
autumn,ฤดูใบไม้ร่วง
average,เฉลี่ย
award,รางวัล
away,ไป
baby,ทารก
background,พื้นหลัง
bacteria,แบคทีเรีย
badly,ไม่ดี
bake,อบ
ball,ลูกบอล
banana,กล้วย
bank (money),ธนาคาร (เงิน)
bar,บาร์
base,ฐาน
based,ซึ่งเป็นรากฐาน
basic,ขั้นพื้นฐาน
basis,รากฐาน
bathroom,ห้องอาบน้ำ
battle,การต่อสู้
beach,ชายหาด
bear (deal with),หมี (ข้อตกลงกับ)
beat,ตี
beauty,ความงาม
become,กลายเป็น
bedroom,ห้องนอน
beef,เนื้อวัว
before,ก่อน
begin,เริ่ม
behave,ประพฤติ
behind,หลัง
belief,ความเชื่อ
bell,กระดิ่ง
below,ด้านล่าง
bend,โค้ง
bent,ก้ม
bet,เดิมพัน
between,ระหว่าง
bicycle,รถจักรยาน
bike,จักรยาน
billion number,พันล้านหมายเลข
biology,ชีววิทยา
birth,กำเนิด
biscuit,สีน้ำตาลอ่อน
bite,กัด
black,สีดำ
blank,ว่างเปล่า
block,บล็อก
blonde,สีบลอนด์
blow,ระเบิด
board,คณะกรรมการ
body,ร่างกาย
bomb,วางระเบิด
bone,กระดูก
boot,รองเท้า
bored,เบื่อ
born,เกิด
boss,นาย
bother,ตื๊อ
bottom,ด้านล่าง
box,กล่อง
boyfriend,แฟน
branch,สาขา
brave,กล้าหาญ
break,หยุดพัก
breast,เต้านม
breathe,หายใจ
bride,เจ้าสาว
brief,สั้น
brilliant,สุกใส
broad,กว้าง
broken,เสีย
brown,สีน้ำตาล
bubble,ฟอง
build,สร้าง
bullet,กระสุน
burn,เผา
bus,รถบัส
business,ธุรกิจ
busy,ไม่ว่าง
butter,เนย
buy,ซื้อ
bye,บาย
cafe,คาเฟ่
calculate,คำนวณ
calm,เงียบสงบ
camp,ค่าย
camping,แคมป์ปิ้ง
can1,can1
cancel,ยกเลิก
candidate,ผู้สมัคร
cap,ฝาครอบ
capacity,ความจุ
captain,กัปตัน
car,รถยนต์
care,การดูแล
careful,ระมัดระวัง
careless,ประมาท
carrot,แครอท
cartoon,การ์ตูน
cash,เงินสด
castle,ปราสาท
catch,จับ
cause,สาเหตุ
ceiling,เพดาน
celebration,งานเฉลิมฉลอง
cell,เซลล์
central,ศูนย์กลาง
century,ศตวรรษ
certain,แน่นอน
chain,เชื่อมต่อ
chairman,ประธาน
champion,แชมป์
change,เปลี่ยนแปลง
chapter,บท
characteristic,ลักษณะเฉพาะ
charity,การกุศล
chat,พูดคุย
cheat,โกง
chef,พ่อครัว
cheese,ชีส
chemistry,เคมี
chicken,ไก่
child,เด็ก
chip,ชิป
choice,ทางเลือก
church,โบสถ์
cinema,โรงภาพยนตร์
circumstance,สถานการณ์
citizen,พลเมือง
civil,พลเรือน
class,ชั้น
classical,คลาสสิก
clause,ประโยค
clear,ชัดเจน
clever,ฉลาด
client,ลูกค้า
climb,ปีนขึ้นไป
close1,close1
closed,ปิด
cloth,ผ้า
clothing,เสื้อผ้า
club,สโมสร
coach,โค้ช
coast,ชายฝั่ง
code,รหัส
coin,เหรียญ
collapse,ล่มสลาย
collect,เก็บ
college,วิทยาลัย
coloured,มีสี
combination,การรวมกัน
come,มา
comfort,ความสบายใจ
command,คำสั่ง
commercial,เชิงพาณิชย์
commit,ผูกมัด
committee,กรรมการ
commonly,อย่างธรรมดา
communication,การสื่อสาร
company,บริษัท
comparison,การเปรียบเทียบ
competition,การแข่งขัน
competitive,การแข่งขัน
complaint,การร้องเรียน
completely,อย่างสมบูรณ์
complicated,ซับซ้อน
computer,คอมพิวเตอร์
concentration,สมาธิ
concern,กังวล
concert,คอนเสิร์ต
conclusion,ข้อสรุป
conduct,ความประพฤติ
confidence,ความมั่นใจ
confirm,ยืนยัน
confuse,สับสน
confusing,ทำให้เกิดความสับสน
connected,เกี่ยวข้อง
conscious,มีสติอยู่
conservative,อนุรักษนิยม
consideration,การพิจารณา
consistent,คงเส้นคงวา
constantly,อย่างสม่ำเสมอ
construction,การก่อสร้าง
consumer,ผู้บริโภค
contain,บรรจุ
contemporary,ร่วมสมัย
contest,การประกวด
continent,ทวีป
continuous,ต่อเนื่องกัน
contrast,ความคมชัด
contribution,การสนับสนุน
convenient,สะดวกสบาย
convert,แปลง
convinced,เชื่อว่า
cooker,เตา
cool,เย็น
core,แกน
corporate,องค์กร
correctly,ได้อย่างถูกต้อง
costume,ชุดแต่งกาย
cotton,ฝ้าย
council,สภา
country,ประเทศ
county,เขต
courage,ความกล้าหาญ
court,ศาล
cover,ปก
cow,วัว
crazy,บ้า
create,สร้าง
creative,ความคิดสร้างสรรค์
credit,เครดิต
crime,อาชญากรรม
crisis,วิกฤติ
critic,นักวิจารณ์
criticism,คำวิจารณ์
crop,พืชผล
crowd,ฝูงชน
crucial,สำคัญมาก
cry,ร้องไห้
culture,วัฒนธรรม
cupboard,ตู้
curly,หยิก
current,ปัจจุบัน
curtain,ม่าน
curved,โค้ง
customer,ลูกค้า
cycle,วงจร
daily,ประจำวัน
dance,เต้นรำ
dancing,การเต้นรำ
dangerous,เป็นอันตราย
data,ข้อมูล
daughter,ลูกสาว
dead,ตาย
dear,ที่รัก
debate,อภิปราย
decade,ทศวรรษ
decent,เหมาะสม
decision,การตัดสิน
decline,ลดลง
decoration,เครื่องประดับ
deep,ลึก
defeat,ความพ่ายแพ้
defend,ป้องกัน
definite,ชัดเจน
definition,คำนิยาม
delay,ความล่าช้า
deliberately,จงใจ
delight,สุข
deliver,ส่งมอบ
demand,ความต้องการ
dentist,ทันตแพทย์
department,สาขา
depend,ขึ้นอยู่กับ
depressing,ตกต่ำ
describe,อธิบาย
desert,ทะเลทราย
design,ออกแบบ
desire,ความต้องการ
desperate,หมดหวัง
destination,ปลายทาง
detail,รายละเอียด
detect,ตรวจจับ
determine,กำหนด
develop,พัฒนา
device,เครื่อง
dialogue,บทสนทนา
diary,ไดอารี่
die,ตาย
difference,ข้อแตกต่าง
differently,ต่างกัน
difficulty,ความยาก
digital,ดิจิทัล
direct,โดยตรง
directly,โดยตรง
dirt,ฝุ่น
Dis Adverbantage,Dis Adverbantage
disappear,หายไป
disappointing,ที่น่าผิดหวัง
disc,จาน
discount,ส่วนลด
discovery,การค้นพบ
discussion,อภิปรายผล
dish,จาน
dislike,ไม่ชอบ
display,แสดง
distribute,กระจาย
district,อำเภอ
division,แผนก
do,ทำ
document,เอกสาร
dog,หมา
domestic,ในประเทศ
donate,บริจาค
double,สอง
down,ลง
downstairs,ข้างล่าง
dozen,โหล
drag,ลาก
dramatic,น่าทึ่ง
drawing,การวาดภาพ
dress,แต่งตัว
drink,ดื่ม
driver,คนขับรถ
drop,หล่น
drum,กลอง
dry,แห้ง
during,ในระหว่าง
duty,หน้าที่
each,แต่ละ
early,ตอนต้น
earth,โลก
easily,อย่างง่ายดาย
eastern,ทางตะวันออก
eat,กิน
economy,เศรษฐกิจ
edit,แก้ไข
editor,บรรณาธิการ
educated,การศึกษา
educational,เกี่ยวกับการศึกษา
effective,มีประสิทธิภาพ
efficient,ที่มีประสิทธิภาพ
egg,ไข่
eighteen,สิบแปด
either,ทั้ง
elect,รักษาการ
electric,ไฟฟ้า
electricity,ไฟฟ้า
element,ธาตุ
eleven,สิบเอ็ด
elsewhere,ที่อื่น ๆ
embarrassed,อึดอัดใจ
emerge,ออกมา
emotion,อารมณ์
emphasis,ความสำคัญ
employ,จ้าง
employer,นายจ้าง
empty,ว่างเปล่า
encounter,พบ
end,ปลาย
enemy,ศัตรู
engage,ว่าจ้าง
engine,เครื่องยนต์
engineering,วิศวกรรม
enjoy,สนุก
enough,พอ
ensure,ทำให้มั่นใจ
entertain,ความบันเทิง
enthusiasm,ความกระตือรือร้น
entire,ทั้งหมด
entrance,ทางเข้า
environment,สิ่งแวดล้อม
episode,ตอน
equally,พอ ๆ กัน
error,ความผิดพลาด
especially,โดยเฉพาะอย่างยิ่ง
essential,สำคัญ
estate,ที่ดิน
ethical,ตามหลักจริยธรรม
evaluate,ประเมินผล
evening,ตอนเย็น
eventually,ในที่สุด
every,ทุกๆ
everyday,ทุกวัน
everything,ทุกอย่าง
evidence,หลักฐาน
exact,แน่นอน
exam,การสอบ
examine,ตรวจสอบ
excellent,ยอดเยี่ยม
exchange,แลกเปลี่ยน
excitement,ความตื่นเต้น
excuse,ขอโทษ
exercise,การออกกำลังกาย
exist,ที่มีอยู่
expand,ขยายตัว
expectation,ความคาดหวัง
expedition,การเดินทาง
expensive,เเพง
experienced,ที่มีประสบการณ์
expert,ผู้เชี่ยวชาญ
explanation,คำอธิบาย
exploration,การสำรวจ
explosion,การระเบิด
expose,เปิดเผย
expression,การแสดงออก
extent,ขอบเขต
extra,พิเศษ
extreme,สุดขีด
eye,ตา
facility,สิ่งอำนวยความสะดวก
factor,ปัจจัย
fail,ล้มเหลว
fair,ธรรม
faith,ความเชื่อ
FALSE,FALSE
family,ครอบครัว
fan,แฟน
fantastic,น่าอัศจรรย์
farm,ฟาร์ม
farming,การทำฟาร์ม
fashion,แฟชั่น
fast,รวดเร็ว
fat,อ้วน
fault,ความผิด
favourite,ที่ชื่นชอบ
feather,ขน
February,กุมภาพันธ์
feed,อาหาร
feel,รู้สึก
fellow,มนุษย์
fence,รั้ว
few,น้อย
field,สนาม
fifth,ที่ห้า
fight,สู้
figure,รูป
fill,เติม
final,สุดท้าย
finance,การเงิน
find,หา
fine,ละเอียด
finish,เสร็จสิ้น
firm,บริษัท
firstly,ประการแรก
fishing,ประมง
fitness,การออกกำลังกาย
fix,แก้ไข
flag,ธง
flash,แฟลช
flexible,คล่องตัว
float,ลอย
floor,ชั้น
flow,ไหล
flu,ไข้หวัดใหญ่
flying,การบิน
fold,พับ
folk,พื้นบ้าน
following,ดังต่อไปนี้
foot,เท้า
for,สำหรับ
foreign,ต่างประเทศ
forever,ตลอดไป
forgive,ยกโทษให้
form,แบบฟอร์ม
former,อดีต
fortune,โชคลาภ
forward,ข้างหน้า
four,สี่
fourth,ที่สี่
free,ฟรี
freeze,แข็ง
frequently,บ่อยๆ
Friday,วันศุกร์
friend,เพื่อน
friendship,มิตรภาพ
frightened,กลัว
frog,กบ
front,ด้านหน้า
fruit,ผลไม้
fuel,เชื้อเพลิง
fully,อย่างเต็มที่
function,ฟังก์ชัน
fundamental,พื้นฐาน
funny,ตลก
furniture,เฟอร์นิเจอร์
furthermore,นอกจากนี้
gain,ได้รับ
game,เกม
gap,ช่องว่าง
garden,สวน
gate,ประตู
general,ทั่วไป
generate,สร้าง
generous,ใจกว้าง
gentle,อ่อนโยน
geography,ภูมิศาสตร์
ghost,ผี
gift,ของขวัญ
girlfriend,แฟน
glad,ดีใจ
global,ทั่วโลก
go,ไป
God,พระเจ้า
golf,กอล์ฟ
goodbye,ลาก่อน
govern,ปกครอง
grab,คว้า
gradually,ค่อยๆ
grain,เมล็ดข้าว
grandfather,คุณปู่
grandparent,ปู่ย่าตายาย
grass,หญ้า
great,ยิ่งใหญ่
greet,ทักทาย
ground,พื้น
grow,เจริญ
guarantee,รับประกัน
guess,เดา
guide,คู่มือ
guitar,กีตาร์
guy,ผู้ชาย
habit,นิสัย
half,ครึ่ง
hand,มือ
hang,แขวน
happily,เป็นสุข
happy,มีความสุข
hardly,แทบจะไม่
harmful,เป็นอันตราย
hate,เกลียด
have to modal,มีการกิริยา
head,ศีรษะ
headline,พาดหัว
healthy,แข็งแรง
hearing,การได้ยิน
heat,ความร้อน
heaven,สวรรค์
heavy,หนัก
height,ความสูง
hell,นรก
help,ช่วยด้วย
her,เธอ
hero,พระเอก
herself,ตัวเธอเอง
hey,เฮ้
hide,ซ่อน
highlight,ไฮไลท์
hill,เนินเขา
himself,ตัวเขาเอง
his,ของเขา
historical,ประวัติศาสตร์
hit,ตี
hockey,ฮอกกี้
hole,รู
hollow,กลวง
home,บ้าน
honest,ซื่อสัตย์
hope,ความหวัง
horror,ความน่ากลัว
hospital,โรงพยาบาล
hot,ร้อน
hour,ชั่วโมง
household,ครัวเรือน
how,อย่างไร
huge,ใหญ่
humorous,ตลก
hundred,ร้อย
hunt,ล่า
hurricane,พายุเฮอริเคน
hurt,เจ็บ
I,ผม
ice cream,ไอศครีม
ideal,ในอุดมคติ
identity,เอกลักษณ์
ignore,ไม่สนใจ
illegal,ที่ผิดกฎหมาย
illustrate,แสดง
image,ภาพ
imagination,จินตนาการ
immediate,ทันทีทันใด
immigrant,ผู้อพยพ
impatient,ใจร้อน
import,นำเข้า
important,สำคัญ
impossible,เป็นไปไม่ได้
impressed,ประทับใจ
impressive,ประทับใจ
improvement,การปรับปรุง
inch,นิ้ว
include,ประกอบด้วย
including,รวมทั้ง
increase,เพิ่มขึ้น
incredible,เหลือเชื่อ
indeed,จริง
indicate,แสดง
individual,รายบุคคล
indoors,ในบ้าน
industry,อุตสาหกรรม
influence,มีอิทธิพล
informal,ไม่เป็นทางการ
ingredient,ส่วนผสม
initially,ในขั้นต้น
injure,ได้รับบาดเจ็บ
injury,ความเสียหาย
innocent,ผู้บริสุทธิ์
inside,ภายใน
insist,ยืนยัน
install,ติดตั้ง
instead,แทน
institution,สถาบัน
instructor,อาจารย์ผู้สอน
insurance,ประกันภัย
intelligent,ฉลาด
intended,ตั้งใจว่า
intention,ความตั้งใจ
interested,สนใจ
internal,ภายใน
internet,อินเทอร์เน็ต
interrupt,ขัดจังหวะ
into,เข้าไป
introduction,บทนำ
invention,การประดิษฐ์
investigate,สอบสวน
investment,การลงทุน
invite,เชิญ
involved,ที่เกี่ยวข้อง
island,เกาะ
IT,มัน
item,สิ่งของ
itself,ตัวเอง
jam,แยม
jazz,แจ๊ส
jewellery,เครื่องเพชรพลอย
join,ร่วม
journal,วารสาร
journey,การเดินทาง
judge,ผู้พิพากษา
juice,น้ำผลไม้
jump,กระโดด
junior,อนุ
justice,ความยุติธรรม
keen,กระตือรือร้น
key,สำคัญ
kick,เตะ
kill,ฆ่า
kilometre,กิโลเมตร
kind(caring),ชนิด (ดูแล)
kiss,จูบ
knee,เข่า
knock,เคาะ
knowledge,ความรู้
label,ฉลาก
labour,แรงงาน
lady,ผู้หญิง
lamp,โคมไฟ
landscape,ภูมิประเทศ
laptop,แล็ปท็อป
largely,ส่วนใหญ่
last1 (taking time),last1 (สละเวลา)
later,ต่อมา
laugh,หัวเราะ
launch,เปิด
lawyer,ทนายความ
layer,ชั้น
lead,ตะกั่ว
leadership,ความเป็นผู้นำ
leaf,ใบไม้
lean,ยัน
learning,การเรียนรู้
leather,หนังสัตว์
lecture,คำบรรยาย
leg,ขา
leisure,ที่เดินทางมาพักผ่อน
lend,ยืม
less,น้อยกว่า
let,ปล่อย
level,ชั้น
licence,อนุญาต
lie,โกหก
lifestyle,วิถีการดำเนินชีวิต
light (from the sun/a lamp),แสง (จากดวงอาทิตย์ / หลอดไฟ)
like (similar),เหมือน (คล้าย)
Noun,คำนาม
limit,จำกัด
line,ไลน์
lion,สิงโต
liquid,ของเหลว
listen,ฟัง
literature,วรรณกรรม
live1,live1
lively,สดใส
load,ภาระ
local,ในประเทศ
located,ที่ตั้งอยู่
lock,ล็อค
lonely,โดดเดี่ยว
long-term,ระยะยาว
loose,หลวม
lorry,รถบรรทุก
loss,การสูญเสีย
lot,จำนวนมาก
loudly,ลั่น
lovely,น่ารัก
lower,ลดลง
lucky,โชคดี
lung,ปอด
machine,เครื่อง
magazine,นิตยสาร
mail,อีเมล
mainly,ส่วนใหญ่
major,สำคัญ
make,แต่งหน้า
mall,ห้างสรรพสินค้า
manage,จัดการ
manager,ผู้จัดการ
many,จำนวนมาก
March,มีนาคม
market,ตลาด
marriage,การแต่งงาน
marry,แต่งงาน
massive,มาก
match (contest/correspond),การแข่งขัน (การประกวด / ตรง)
material,วัสดุ
maths,เลข
maximum,ขีดสุด
may modal,อาจเป็นกิริยาช่วย
me,ผม
mean,ค่าเฉลี่ย
means,วิธี
measure,วัด
meat,เนื้อ
medical,ทางการแพทย์
medium,กลาง
meeting,ประชุม
member,สมาชิก
mental,ทางใจ
menu,เมนู
message,ข่าวสาร
method,วิธี
middle,กลาง
might modal,อาจเป็นกิริยาช่วย
mile,ไมล์
milk,นม
mind,ใจ
mine (hole in the ground),การเหมืองแร่ (หลุมในดิน)
minimum,ขั้นต่ำ
minor,ผู้เยาว์
minute,นาที
miss,นางสาว
mission,หน้าที่
mix,ผสม
mixture,สารผสม
model,แบบ
modify,ปรับเปลี่ยน
Monday,วันจันทร์
monitor,หน้าจอ
month,เดือน
moon,ดวงจันทร์
more,มากกว่า
most,มากที่สุด
mother,แม่
motorcycle,รถจักรยานยนต์
mountain,ภูเขา
mouth,ปาก
movement,การเคลื่อนไหว
much,มาก
multiple,หลายอย่าง
mum,แม่
muscle,กล้ามเนื้อ
music,เพลง
musician,นักดนตรี
my,ของฉัน
mysterious,ลึกลับ
nail,เล็บ
narrative,การเล่าเรื่อง
nation,ประเทศชาติ
native,พื้นเมือง
naturally,เป็นธรรมชาติ
near,ใกล้
neat,เรียบร้อย
necessary,จำเป็น
need,ความต้องการ
negative,เชิงลบ
neighbourhood,ย่าน
nerve,เส้นประสาท
net,สุทธิ
never,ไม่เคย
new,ใหม่
newspaper,หนังสือพิมพ์
next to,ต่อไป
night,กลางคืน
nine,เก้า
ninety,เก้าสิบ
no one,ไม่มีใคร
noise,สัญญาณรบกวน
none,ไม่มี
normal,ปกติ
north,ทางทิศเหนือ
nose,จมูก
note,บันทึก
notice,แจ้งให้ทราบ
novel,นวนิยาย
now,ตอนนี้
nuclear,นิวเคลียร์
numerous,มากมาย
nut,ถั่ว
object,วัตถุ
obligation,ภาระผูกพัน
observe,สังเกต
obvious,ชัดเจน
occasion,โอกาส
occur,เกิดขึ้น
o’clock,โมง
odd,แปลก
off,ปิด
offend,ขัดใจ
offer,เสนอ
officer,เจ้าหน้าที่
often,บ่อยครั้ง
oil,น้ำมัน
old,เก่า
on,บน
one,หนึ่ง
online,ออนไลน์
onto,ไปยัง
opening,การเปิด
operation,การทำงาน
opponent,คู่แข่ง
oppose,ต่อต้าน
opposite,ตรงข้าม
option,ตัวเลือก
orange,ส้ม
ordinary,สามัญ
organization,องค์กร
organized,จัด
origin,ที่มา
originally,แต่เดิม
otherwise,มิฉะนั้น
our,ของเรา
ourselves,ตัวเรา
outcome,ผล
outdoors,กลางแจ้ง
outline,เค้าโครง
oven,เตาอบ
overall,ทั้งหมด
own,ด้วยตัวเอง
pace,ก้าว
package,บรรจุภัณฑ์
pain,ความเจ็บปวด
paint,สี
painting,จิตรกรรม
palace,พระราชวัง
pan,กระทะ
pants,กางเกง
paragraph,ย่อหน้า
park,สวน
parliament,รัฐสภา
participant,ผู้เข้าร่วม
particular,โดยเฉพาะ
partly,เป็นบางส่วน
party,พรรค
passage,ทางเดิน
passion,แรงผลักดัน
past,อดีต
patient,อดทน
pay,การจ่ายเงิน
peace,ความสงบ
pen,ปากกา
penny,เงิน
people,คน
per,ต่อ
percentage,ร้อยละ
perfectly,อย่างสมบูรณ์
performance,ประสิทธิภาพ
period,ระยะเวลา
permission,การอนุญาต
person,คน
personality,บุคลิกภาพ
perspective,มุมมอง
pet,สัตว์เลี้ยง
phase,ระยะ
philosophy,ปรัชญา
photo,ภาพถ่าย
photographer,ช่างภาพ
phrase,วลี
physics,ฟิสิกส์
pick,เลือก
piece,ชิ้น
pile,กอง
pin,หมุด
pipe,ท่อ
place,สถานที่
plan,วางแผน
planet,ดาวเคราะห์
plant,ปลูก
plate,จาน
play,เล่น
pleasant,น่ารื่นรมย์
pleased,ยินดี
plenty,ความอุดมสมบูรณ์
plus,บวก
poem,บทกวี
poetry,บทกวี
pointed,แหลม
poisonous,เป็นพิษ
policeman,ตร.
polite,สุภาพ
politician,นักการเมือง
pollution,มลพิษ
poor,น่าสงสาร
popular,เป็นที่นิยม
population,ประชากร
portrait,ภาพเหมือน
position,ตำแหน่ง
possess,มี
possibility,ความเป็นไปได้
possibly,อาจ
poster,โปสเตอร์
potato,มันฝรั่ง
pound,ปอนด์
poverty,ความยากจน
power,อำนาจ
practical,ประยุกต์
practise,การปฏิบัติ
pray,อธิษฐาน
predict,ทำนาย
prefer,ชอบ
preparation,การจัดเตรียม
prepared,ที่เตรียมไว้
present,นำเสนอ
preserve,อนุรักษ์
press,กด
pretend,แกล้งทำ
prevent,ป้องกัน
previously,ก่อนหน้านี้
priest,พระสงฆ์
prime,สำคัญ
princess,เจ้าหญิง
print,พิมพ์
printing,การพิมพ์
prison,คุก
privacy,ความเป็นส่วนตัว
prize,รางวัล
problem,ปัญหา
process,กระบวนการ
producer,ผู้ผลิต
production,การผลิต
professional,มืออาชีพ
profile,ข้อมูลส่วนตัว
program,โปรแกรม
progress,ความคืบหน้า
promise,คำมั่นสัญญา
pronounce,ออกเสียง
proper,เหมาะสม
property,คุณสมบัติ
propose,เสนอ
protect,ป้องกัน
protest,ประท้วง
prove,พิสูจน์
psychologist,นักจิตวิทยา
pub,ผับ
publication,สิ่งพิมพ์
pull,ดึง
punishment,การลงโทษ
purchase,ซื้อ
purple,สีม่วง
pursue,ไล่ตาม
put,ใส่
qualified,มีคุณสมบัติ
quality,คุณภาพ
quarter,ย่าน
question,คำถาม
quick,รวดเร็ว
quiet,เงียบ
quit,เลิก
quotation,คำอ้างอิง
race (competition),การแข่งขัน (แข่งขัน)
racing,การแข่งรถ
railway,ทางรถไฟ
raise,ยก
rank,ยศ
rapidly,อย่างรวดเร็ว
rarely,นาน ๆ ครั้ง
rather,ค่อนข้าง
reach,การเข้าถึง
reaction,ปฏิกิริยา
reader,ผู้อ่าน
ready,พร้อมแล้ว
realistic,เหมือนจริง
realize,ตระหนัก
reason,เหตุผล
recall,จำ
receive,รับ
recently,เมื่อเร็ว ๆ นี้
recipe,สูตรอาหาร
recommend,แนะนำ
record,บันทึก
recover,กู้
red,สีแดง
reduction,การลดลง
reference,การอ้างอิง
refuse,ขยะ
region,ภูมิภาค
register,การลงทะเบียน
regular,ปกติ
regulation,ระเบียบข้อบังคับ
relate,สัมพันธ์
relation,ความสัมพันธ์
relative,ญาติ
relax,ผ่อนคลาย
relaxing,ผ่อนคลาย
relevant,ที่เกี่ยวข้อง
relief,ความโล่งอก
religious,เคร่งศาสนา
remain,ยังคง
remember,จำ
remote,ห่างไกล
rent,เช่า
repeat,ทำซ้ำ
replace,แทนที่
report,รายงาน
represent,แทน
reputation,ชื่อเสียง
require,จำเป็นต้อง
rescue,กู้ภัย
researcher,นักวิจัย
reserve,สำรอง
resist,ต่อต้าน
resort,รีสอร์ท
respect,เคารพ
response,คำตอบ
responsible,รับผิดชอบ
rest (sleep/relax),ส่วนที่เหลือ (การนอนหลับ / ผ่อนคลาย)
result,ผลลัพธ์
retire,เกษียณอายุ
return,กลับ
review,ทบทวน
revolution,การปฏิวัติ
rhythm,จังหวะ
rich,รวย
ride,นั่ง
ring,แหวน
rise,ลุกขึ้น
river,แม่น้ำ
robot,หุ่นยนต์
rock (music),เพลงร็อค)
roll,ม้วน
roof,หลังคา
root,ราก
rough,ขรุขระ
route,เส้นทาง
row,แถว
rub,ถู
rubbish,ขยะมูลฝอย
rugby,รักบี้
run,วิ่ง
running,วิ่ง
rush,วิ่ง
sadly,เศร้า
safety,ความปลอดภัย
sailing,การเดินเรือ
salad,สลัด
sale,การขาย
same,เหมือนกัน
sand,ทราย
satellite,ดาวเทียม
satisfy,พอใจ
sauce,ซอส
saving,ประหยัด
scale,ขนาด
scared,กลัว
scene,ฉาก
scheme,โครงการ
science,วิทยาศาสตร์
scientist,นักวิทยาศาสตร์
scream,กรีดร้อง
script,ต้นฉบับ
sea,ทะเล
season,ฤดู
second1 (next after the first),second1 (ต่อไปหลังจากที่ครั้งแรก)
secondary,รอง
secret,ความลับ
section,มาตรา
secure,ปลอดภัย
see,ดู
seek,แสวงหา
select,เลือก
self,ตนเอง
send,ส่ง
sense,ความรู้สึก
sensitive,รู้สึกไว
separate,แยก
sequence,ลำดับ
serious,จริงจัง
servant,คนรับใช้
service,บริการ
set (put),ชุด (ใส่)
setting,การตั้งค่า
seven,เจ็ด
seventy,เจ็ดสิบ
severe,รุนแรง
sexual,ทางเพศ
shadow,เงา
shall,จะต้อง
shame,ความอัปยศ
share,หุ้น
she,เธอ
sheet,แผ่น
shell,เปลือก
shift,เปลี่ยน
shiny,มันเงา
shirt,เสื้อเชิ้ต
shocked,ตกใจ
shoot,ยิง
shop,ร้านขายของ
short,สั้น
should,ควร
shout,เสียงร้อง
shower,ฝักบัว
shy,อาย
side,ด้าน
sign,สัญญาณ
significant,สำคัญ
silence,ความเงียบ
silk,ไหม
silver,เงิน
similarity,ความคล้ายคลึงกัน
simple,ง่าย
since,ตั้งแต่
sing,ร้องเพลง
singing,การร้องเพลง
sink,จม
sister,น้องสาว
site,เว็บไซต์
six,หก
sixty,หกสิบ
ski,สกี
skill,ความสามารถ
skirt,กระโปรง
slave,ทาส
slice,ชิ้น
slight,เล็กน้อย
slip,ลื่น
slow,ช้า
small,เล็ก
smartphone,มาร์ทโฟน
smile,รอยยิ้ม
smoking,ที่สูบบุหรี่
snake,งู
so,ดังนั้น
soccer,ฟุตบอล
society,สังคม
soft,อ่อนนุ่ม
soil,ดิน
soldier,ทหาร
solution,สารละลาย
some,บาง
someone,บางคน
sometimes,บางครั้ง
somewhere,บางแห่ง
song,เพลง
sorry,ขอโทษ
soul,จิตวิญญาณ
soup,ซุป
south,ทางทิศใต้
space,ช่องว่าง
speaker,ผู้พูด
specialist,ผู้เชี่ยวชาญ
specific,โดยเฉพาะ
speech,การพูด
spell,สะกด
spend,ใช้จ่าย
spicy,รสจัด
spirit,วิญญาณ
split,แยก
sponsor,สปอนเซอร์
sport,กีฬา
spread,การแพร่กระจาย
square,สี่เหลี่ยม
stadium,สนามกีฬา
stage,เวที
stamp,ประทับ
standard,มาตรฐาน
stare,จ้อง
state,สถานะ
station,สถานี
statue,รูปปั้น
stay,เข้าพัก
steal,ขโมย
steep,สูงชัน
stick (push into/attach),ติด (การผลักดันเข้า / แนบ)
sticky,เหนียว
still,ยังคง
stomach,กระเพาะอาหาร
stop,หยุด
storm,พายุ
straight,ตรง
stranger,คนแปลกหน้า
stream,กระแส
strength,ความแข็งแรง
stretch,ยืด
strike,โจมตี
strong,แข็งแรง
structure,โครงสร้าง
student,นักเรียน
study,ศึกษา
stupid,โง่
subject,เรื่อง
substance,สสาร
success,ความสำเร็จ
successfully,ประสบความสำเร็จ
sudden,ฉับพลัน
suffer,ประสบ
suggest,แนะนำ
suit,สูท
sum,รวม
summary,สรุป
sun,ดวงอาทิตย์
supermarket,ซุปเปอร์มาร์เก็ต
support,สนับสนุน
suppose,สมมติ
surely,อย่างแน่นอน
surgery,ศัลยกรรม
surprised,ประหลาดใจ
surround,รอบทิศทาง
survey,สำรวจ
suspect,สงสัย
sweater,เสื้อกันหนาว
sweet,หวาน
swimming,ว่ายน้ำ
symbol,สัญลักษณ์
symptom,อาการ
table,ตาราง
tail,หาง
tale,นิทาน
talented,มีความสามารถ
tall,สูง
tape,เทป
task,งาน
tax,ภาษี
tea,ชา
teacher,ครู
team,ทีม
tear2,tear2
technique,เทคนิค
teenage,วัยรุ่น
telephone,โทรศัพท์
tell,บอก
temporary,ชั่วคราว
tend,มีแนวโน้ม
tent,เต็นท์
terrible,น่ากลัว
text,ข้อความ
thank,ขอบคุณ
that,ที่
theatre,โรงละคร
theirs,ของพวกเขา
theme,กระทู้
then,แล้วก็
therapy,การรักษาด้วย
therefore,ดังนั้น
thick,หนา
thin,ผอม
think,คิด
third,ที่สาม
thirteen,สิบสาม
this,นี้
thought,ความคิด
threat,การคุกคาม
three,สาม
through,ตลอด
throw,โยน
thus,ดังนั้น
tidy,เรียบร้อย
tight,แน่น
time,เวลา
tiny,ขนาดเล็ก
tired,เหนื่อย
to,ถึง
toe,นิ้วเท้า
toilet,ห้องน้ำ
tomorrow,วันพรุ่งนี้
tongue,ลิ้น
too,เกินไป
tooth,ฟัน
topic,หัวข้อเรื่อง
totally,โดยสิ้นเชิง
tough,ยาก
tourism,การท่องเที่ยว
towards,ไปทาง
tower,หอคอย
toy,ของเล่น
trade,ค้า
traditional,แบบดั้งเดิม
train,รถไฟ
training,การอบรม
transform,แปลง
translate,แปลภาษา
transport,ขนส่ง
traveller,นักท่องเที่ยว
treatment,การรักษา
trend,แนวโน้ม
trick,เคล็ดลับ
tropical,เขตร้อน
trousers,กางเกง
TRUE,TRUE
trust,วางใจ
try,ลอง
tube,หลอด
tune,ทำนองเพลง
turn,กลับ
twelve,สิบสอง
twice,สองครั้ง
two,สอง
typical,ตามแบบฉบับ
tyre,ยาง
ultimately,ในที่สุด
unable,ไม่สามารถ
uncomfortable,อึดอัด
under,ภายใต้
understand,เข้าใจ
underwear,ชุดชั้นใน
unemployment,การว่างงาน
unfair,ไม่ยุติธรรม
unhappy,ไม่มีความสุข
union,สหภาพ
unit,หน่วย
universe,จักรวาล
unknown,ไม่ทราบ
unlike,แตกต่าง
unnecessary,ไม่จำเป็น
until,จนกระทั่ง
up,ขึ้น
upon,เมื่อ
upset,อารมณ์เสีย
upwards,สูงกว่า
urge,กระตุ้น
use,ใช้
used to,เคย
user,ผู้ใช้งาน
usually,มักจะ
valley,หุบเขา
value,ความคุ้มค่า
variety,ความหลากหลาย
vary,แตกต่าง
vegetable,ผัก
venue,แห่ง
very,มาก
victim,เหยื่อ
video,วีดีโอ
viewer,ผู้ชม
violence,ความรุนแรง
virtual,เสมือน
vision,วิสัยทัศน์
visitor,ผู้มาเยือน
vital,จำเป็น
voice,เสียงพูด
volunteer,อาสาสมัคร
wage,ค่าจ้าง
waiter,บริกร
walk,เดิน
want,ต้องการ
warm,อบอุ่น
warning,คำเตือน
washing,การซัก
watch,ดู
wave,คลื่น
we,เรา
weakness,ความอ่อนแอ
wealthy,ร่ำรวย
wear,สวมใส่
web,เว็บ
wedding,งานแต่งงาน
week,สัปดาห์
weigh,ชั่งน้ำหนัก
welcome,ยินดีต้อนรับ
west,ทิศตะวันตก
wet,เปียก
whatever,อะไรก็ตาม
when,เมื่อไหร่
where,ที่ไหน
wherever,ที่ไหนก็ตาม
which,ที่
whisper,กระซิบ
who,Who
whom,ใคร
why,ทำไม
widely,อย่างกว้างขวาง
wild,ป่า
will,จะ
win,ชนะ
wind2,wind2
wine,ไวน์
winner,ผู้ชนะ
wire,ลวด
wish,ประสงค์
within,ภายใน
witness,พยาน
wonder,น่าแปลกใจ
wood,ไม้
wool,ขนสัตว์
work,งาน
working,การทำงาน
worldwide,ทั่วโลก
worry,กังวล
worst,แย่ที่สุด
would,หากว่า
wow,ว้าว
write,เขียน
writing,การเขียน
wrong,ไม่ถูกต้อง
yeah,ใช่
yellow,สีเหลือง
yesterday,เมื่อวาน
you,คุณ
your,ของคุณ
yourself,ด้วยตัวคุณเอง
zero,ศูนย์
