Eng,Th,Romanized
the,,
can2,Can2,rarok
Dis Adverbantage,Dis Adverbantage,rai aaaaaaaaaaaaaaaaaaaaiiiii
FALSE,FALSE,yoraraa
TRUE,TRUE,araaa
who,Who,rai
can1,can1,rari 
close1,close1,yorarai a
close2,close2,yairorok
last1 (taking time),last1 (สละเวลา),yari  sasalawela
last1 (final),last1 (สุดท้าย),yari  sutthai
live1,live1,yarara a
live2,live2,yararok
second1 (next after the first),second1 (ต่อไปหลังจากที่ครั้งแรก),yairarai  ttopailangchakhrangraek
second1 (unit of time),second1 (หน่วยเวลา),yairarai  naaiwela
tear1,tear1,yarara a
tear2,tear2,yararok
wind1,wind1,yarara a
wind2,wind2,yararok
rule,กฎ,kot
law,กฎหมาย,kotmai
press,กด,kot
grateful,กตัญญู,katanyu
frog,กบ,kop
July,กรกฎาคม,korokdakhom
case,กรณี,korani
emergency,กรณีฉุกเฉิน,koranichukchoen
committee,กรรมการ,kammakan
frame,กรอบ,krop
glass,กระจก,krachok
mirror,กระจกเงา,krachokngao
distribute,กระจาย,krachai
whisper,กระซิบ,krasip
paper,กระดาษ,kradat
bell,กระดิ่ง,krading
bone,กระดูก,kraduk
keen,กระตือรือร้น,kratuerueron
enthusiastic,กระตือรือร้น,kratuerueron
urge,กระตุ้น,kratun
pan,กระทะ,kratha
theme,กระทู้,krathu
cottage,กระท่อม,krathom
process,กระบวนการ,krabuankan
anxious,กระวนกระวาย,krawankrawai
bullet,กระสุน,krasun
thirsty,กระหายน้ำ,krahainam
pocket,กระเป๋าเสื้อ,krapaosuea
stomach,กระเพาะอาหาร,krapho-ahan
stream,กระแส,krasae
jump,กระโดด,kradot
skirt,กระโปรง,kraprong
scream,กรีดร้อง,kritrong
please,กรุณา,karuna
strategy,กลยุทธ์,konlayut
hollow,กลวง,kluang
drum,กลอง,klong
return,กลับ,klap
back,กลับ,klap
turn,กลับ,klap
frightened,กลัว,klua
fear,กลัว,klua
scared,กลัว,klua
middle,กลาง,klang
medium,กลาง,klang
night,กลางคืน,klangkhuen
outdoor,กลางแจ้ง,klangchaeng
outdoors,กลางแจ้ง,klangchaeng
become,กลายเป็น,klaipen
smell,กลิ่น,klin
group,กลุ่ม,klum
box,กล่อง,klong
mention,กล่าวถึง,klaothueng
accuse,กล่าวโทษ,klaothot
banana,กล้วย,kluai
camera,กล้อง,klong
muscle,กล้ามเนื้อ,klamnuea
brave,กล้าหาญ,klahan
sweep,กวาด,kwat
poet,กวี,kawi
than,กว่า,kwa
wide,กว้าง,kwang
broad,กว้าง,kwang
vast,กว้างใหญ่,kwangyai
king,กษัตริย์,kasatri
pile,กอง,kong
army,กองทัพบก,kongthapbok
fund,กองทุน,kongthun
golf,กอล์ฟ,ko
sailor,กะลาสี,kalasi
worry,กังวล,kangwon
concern,กังวล,kangwon
worried,กังวล,kangwon
bite,กัด,kat
September,กันยายน,kanyayon
with,กับ,kap
captain,กัปตัน,kaptan
trousers,กางเกง,kangkeng
pants,กางเกง,kangkeng
jeans,กางเกงยีนส์,kangkengyin
physical,กายภาพ,kaiphap
distribution,การกระจาย,kankrachai
offence,การกระทำผิดกฎหมาย,kankrathamphitkotmai
charity,การกุศล,kankuson
construction,การก่อสร้าง,kankosang
driving,การขับรถ,kankhaprot
sale,การขาย,kankhai
threat,การคุกคาม,kankhukkham
discovery,การค้นพบ,kankhonphop
traffic,การจราจร,kancharachon
reservation,การจองห้องพัก,kanchonghongphak
arrangement,การจัดการ,kanchatkan
management,การจัดการ,kanchatkan
organizer,การจัดงาน,kanchatngan
delivery,การจัดส่ง,kanchatsong
preparation,การจัดเตรียม,kanchattriam
capture,การจับกุม,kanchapkum
matching,การจับคู่,kanchapkhu
pay,การจ่ายเงิน,kanchai-ngoen
employment,การจ้าง,kanchang
payment,การชำระเงิน,kanchamra-ngoen
washing,การซัก,kansak
living,การดำรงชีวิต,kandamrongchiwit
existence,การดำรงอยู่,kandamrongyu
care,การดูแล,kandulae
examination,การตรวจสอบ,kantruatsop
marketing,การตลาด,kantalat
judgement,การตัดสิน,kantatsin
decision,การตัดสิน,kantatsin
setting,การตั้งค่า,kantangkha
infection,การติดเชื้อ,kantitchuea
battle,การต่อสู้,kantosu
struggle,การต่อสู้,kantosu
photography,การถ่ายภาพ,kanthaiphap
shot,การถ่ายภาพ,kanthaiphap
experiment,การทดลอง,kanthotlong
trial,การทดลอง,kanthotlong
working,การทำงาน,kanthamngan
operation,การทำงาน,kanthamngan
farming,การทำฟาร์ม,kanthamfam
travel,การท่องเที่ยว,kanthongthiao
tourism,การท่องเที่ยว,kanthongthiao
tour,การท่องเที่ยว,kanthongthiao
administration,การบริหาร,kanborihan
recording,การบันทึก,kanbanthuek
entertainment,การบันเทิง,kanbanthoeng
flying,การบิน,kanbin
homework,การบ้าน,kanban
practise,การปฏิบัติ,kanpatibat
practice,การปฏิบัติ,kanpatibat
revolution,การปฏิวัติ,kanpatiwat
contest,การประกวด,kanprakuat
announcement,การประกาศ,kanprakat
conference,การประชุม,kanprachum
invention,การประดิษฐ์,kanpradit
assessment,การประเมินผล,kanpramoenphon
improvement,การปรับปรุง,kanprapprung
appearance,การปรากฏ,kanprakot
cooking,การปรุงอาหาร,kanprung-ahan
protection,การป้องกัน,kanpongkan
Adventure,การผจญภัย,kanphachonphai
produce,การผลิต,kanphlit
production,การผลิต,kanphlit
carry,การพกพา,kanphokpha
consideration,การพิจารณา,kanphicharana
printing,การพิมพ์,kanphim
speech,การพูด,kanphut
talk,การพูดคุย,kanphutkhui
assignment,การมอบหมาย,kanmopmai
arrival,การมาถึง,kanmathueng
presence,การมี,kanmi
shooting,การยิง,kanying
combination,การรวมกัน,kanruamkan
funding,การระดมทุน,kanradomthun
explosion,การระเบิด,kanraboet
treatment,การรักษา,kanraksa
therapy,การรักษาด้วย,kanraksaduai
singing,การร้องเพลง,kanrongphleng
complaint,การร้องเรียน,kanrongrian
register,การลงทะเบียน,kanlongthabian
investment,การลงทุน,kanlongthun
punishment,การลงโทษ,kanlongthot
reduction,การลดลง,kanlotlong
hunting,การล่าสัตว์,kanlasat
measurement,การวัด,kanwat
planning,การวางแผน,kanwangphaen
drawing,การวาดภาพ,kanwatphap
analysis,การวิเคราะห์,kanwikhro
unemployment,การว่างงาน,kanwangngan
swim,การว่ายน้ำ,kanwainam
educated,การศึกษา,kansueksa
education,การศึกษา,kansueksa
conversation,การสนทนา,kansonthana
contribution,การสนับสนุน,kansanapsanun
creation,การสร้าง,kansang
teaching,การสอน,kanson
exam,การสอบ,kansop
enquiry,การสอบสวน,kansopsuan
spelling,การสะกดคำ,kansakotkham
observation,การสังเกต,kansangket
exploration,การสำรวจ,kansamruat
communication,การสื่อสาร,kansuesan
loss,การสูญเสีย,kansunsia
scan,การสแกน,kansakaen
divorced,การหย่าร้าง,kanyarang
breathing,การหายใจ,kanhaichai
prayer,การอธิษฐาน,kan-athitthan
permission,การอนุญาต,kan-anunat
approval,การอนุมัติ,kan-anumat
training,การอบรม,kan-oprom
exercise,การออกกำลังกาย,kan-okkamlangkai
fitness,การออกกำลังกาย,kan-okkamlangkai
departure,การออกเดินทาง,kan-okdoenthang
bath,การอาบน้ำ,kan-apnam
reading,การอ่าน,kan-an
reference,การอ้างอิง,kan-ang-ing
writing,การเขียน,kankhian
entry,การเข้า,kankhao
reach,การเข้าถึง,kankhaothueng
movement,การเคลื่อนไหว,kankhlueanwai
housing,การเคหะ,kankheha
finance,การเงิน,kanngoen
financial,การเงิน,kanngoen
growth,การเจริญเติบโต,kancharoentoepto
illness,การเจ็บป่วย,kancheppuai
connect,การเชื่อมต่อ,kanchueamto
trip,การเดินทาง,kandoenthang
journey,การเดินทาง,kandoenthang
expedition,การเดินทาง,kandoenthang
sailing,การเดินเรือ,kandoenruea
dancing,การเต้นรำ,kantenram
comparison,การเปรียบเทียบ,kanpriapthiap
transition,การเปลี่ยนแปลง,kanplianplaeng
opening,การเปิด,kanpoet
politics,การเมือง,kanmueang
learning,การเรียนรู้,kanrianru
selection,การเลือก,kanlueak
election,การเลือกตั้ง,kanlueaktang
skiing,การเล่นสกี,kanlensaki
narrative,การเล่าเรื่อง,kanlaorueang
presentation,การเสนอ,kansanoe
mine (hole in the ground),การเหมืองแร่ (หลุมในดิน),kanmueangrae  hlumnaidino
mine (belongs to me),การเหมืองแร่ (เป็นของฉัน),kanmueangrae phepenkhongchan
competitive,การแข่งขัน,kankhaengkhan
competition,การแข่งขัน,kankhaengkhan
match (contest/correspond),การแข่งขัน (การประกวด / ตรง),kankhaengkhan phan phan phan phan phan phan phan phan phan phan phan phan phan phan phan phan phan p
race (people),การแข่งขัน (คน),kankhaengkhan phakhano
race (competition),การแข่งขัน (แข่งขัน),kankhaengkhan phakhaengkhan
racing,การแข่งรถ,kankhaengrot
marriage,การแต่งงาน,kantaengngan
appointment,การแต่งตั้ง,kantaengtang
translation,การแปล,kanplae
spread,การแพร่กระจาย,kanphraekrachai
expression,การแสดงออก,kansadaeng-ok
Advertising,การโฆษณา,kankhosana
Advertisement,การโฆษณา,kankhosana
ad,การโฆษณา,kankhosana
argument,การโต้เถียง,kantothiang
spending,การใช้จ่าย,kanchaichai
hearing,การได้ยิน,kandaiyin
cartoon,การ์ตูน,katun
coffee,กาแฟ,kafae
rid,กำจัด,kamchat
impose,กำหนด,kamnot
determine,กำหนด,kamnot
define,กำหนด,kamnot
custom,กำหนดเอง,kamnot-eng
birth,กำเนิด,kamnoet
profit,กำไร,kamrai
activity,กิจกรรม,kitchakam
routine,กิจวัตรประจำวัน,kitwatprachamwan
eat,กิน,kin
kilometre,กิโลเมตร,kilomet
guitar,กีตาร์,kita
sport,กีฬา,kila
baseball,กีฬาเบสบอล,kilabetbon
February,กุมภาพันธ์,kumphaphan
recover,กู้,ku
rescue,กู้ภัย,kuphai
previous,ก่อน,kon
before,ก่อน,kon
previously,ก่อนหน้านี้,konnani
pose,ก่อให้เกิด,kohaikoet
bent,ก้ม,kom
pace,ก้าว,kao
aggressive,ก้าวร้าว,kaorao
moment,ขณะ,khana
fur,ขน,khon
feather,ขน,khon
bread,ขนมปัง,khanompang
wool,ขนสัตว์,khonsat
transport,ขนส่ง,khonsong
size,ขนาด,khanat
scale,ขนาด,khanat
tiny,ขนาดเล็ก,khanatlek
bitter,ขม,khom
refuse,ขยะ,khaya
rubbish,ขยะมูลฝอย,khayamunfoi
expand,ขยายตัว,khayaitua
rough,ขรุขระ,khrukhra
bottle,ขวด,khuat
right,ขวา,khwa
pitch,ขว้าง,khwang
beg,ขอ,kho
of,ของ,khong
gift,ของขวัญ,khongkhwan
your,ของคุณ,khongkhun
yours,ของคุณ,khongkhun
my,ของฉัน,khongchan
their,ของพวกเขา,khongphuakkhao
theirs,ของพวกเขา,khongphuakkhao
its,ของมัน,khongman
his,ของเขา,khongkhao
hers,ของเธอ,khongthoe
our,ของเรา,khongrao
ours,ของเราเอง,khongrao-eng
toy,ของเล่น,khonglen
waste,ของเสีย,khongsia
liquid,ของเหลว,khongleo
solid,ของแข็ง,khongkhaeng
regional,ของแคว้น,khongkhwaen
edge,ขอบ,khop
thanks,ขอบคุณ,khopkhun
thank,ขอบคุณ,khopkhun
extent,ขอบเขต,khopkhet
request,ขอร้อง,khorong
apologize,ขอโทษ,khothot
sorry,ขอโทษ,khothot
excuse,ขอโทษ,khothot
interrupt,ขัดจังหวะ,khatchangwa
conflict,ขัดแย้ง,khatyaeng
offend,ขัดใจ,khatchai
bowl,ขัน,khan
drive,ขับรถ,khaprot
step,ขั้นตอน,khanton
procedure,ขั้นตอน,khanton
minimum,ขั้นต่ำ,khantam
basic,ขั้นพื้นฐาน,khanphuenthan
leg,ขา,kha
sell,ขาย,khai
white,ขาว,khao
maximum,ขีดสุด,khitsut
lazy,ขี้เกียจ,khikiat
increasingly,ขึ้น,khuen
up,ขึ้น,khuen
depend,ขึ้นอยู่กับ,khuenyukap
dig,ขุด,khut
frighten,ขู่,khu
threaten,ขู่,khu
thief,ขโมย,khamoi
steal,ขโมย,khamoi
news,ข่าว,khao
message,ข่าวสาร,khaosan
text,ข้อความ,khokhwam
agreement,ข้อตกลง,khotoklong
data,ข้อมูล,khomun
information,ข้อมูล,khomun
profile,ข้อมูลส่วนตัว,khomunsuantua
insight,ข้อมูลเชิงลึก,khomunchoengluek
conclusion,ข้อสรุป,khosarup
ankle,ข้อเท้า,khothao
claim,ข้อเรียกร้อง,khoriakrong
proposal,ข้อเสนอ,khosanoe
feedback,ข้อเสนอแนะ,khosenoenae
recommendation,ข้อเสนอแนะ,khosenoenae
suggestion,ข้อเสนอแนะ,khosenoenae
difference,ข้อแตกต่าง,khotaektang
above,ข้างบน,khangbon
downstairs,ข้างล่าง,khanglang
forward,ข้างหน้า,khangna
cross,ข้าม,kham
across,ข้าม,kham
rice,ข้าว,khao
constant,คงที่,khongthi
consistent,คงเส้นคงวา,khongsenkhongwa
board,คณะกรรมการ,khanakammakan
commission,คณะกรรมาธิการ,khanakammathikan
mathematics,คณิตศาสตร์,khanitsat
people,คน,khon
person,คน,khon
driver,คนขับรถ,khonkhaprot
servant,คนรับใช้,khonrapchai
alone,คนเดียว,khondiao
stranger,คนแปลกหน้า,khonplaekna
sharp,คม,khom
due,ครบกำหนด,khropkamnot
dominate,ครอง,khrong
family,ครอบครัว,khropkhrua
kitchen,ครัว,khrua
household,ครัวเรือน,khruaruean
once,ครั้งหนึ่ง,khrangnueng
cream,ครีม,khrim
half,ครึ่ง,khrueng
teacher,ครู,khru
stock,คลังสินค้า,khlangsinkha
classic,คลาสสิก,khlatsik
classical,คลาสสิก,khlatsik
click,คลิก,khlik
wave,คลื่น,khluen
flexible,คล่องตัว,khlongtua
active,คล่องแคล่ว,khlongkhlaeo
similar,คล้ายคลึงกัน,khlaikhluengkan
control,ควบคุม,khuapkhum
ought,ควร,khuan
should,ควร,khuan
smoke,ควัน,khwan
enthusiasm,ความกระตือรือร้น,khwamkratuerueron
courage,ความกล้าหาญ,khwamklahan
comedy,ความขบขัน,khwamkhopkhan
contrast,ความคมชัด,khwamkhomchat
similarity,ความคล้ายคลึงกัน,khwamkhlaikhluengkan
expectation,ความคาดหวัง,khwamkhatwang
thinking,ความคิด,khwamkhit
notion,ความคิด,khwamkhit
idea,ความคิด,khwamkhit
thought,ความคิด,khwamkhit
initiative,ความคิดริเริ่ม,khwamkhitriroem
creative,ความคิดสร้างสรรค์,khwamkhitsangsan
opinion,ความคิดเห็น,khwamkhithen
progress,ความคืบหน้า,khwamkhuepna
value,ความคุ้มค่า,khwamkhumkha
beauty,ความงาม,khwamngam
truth,ความจริง,khwamching
reality,ความจริง,khwamching
fact,ความจริง,khwamching
capacity,ความจุ,khwamchu
pressure,ความดัน,khwamdan
intention,ความตั้งใจ,khwamtangchai
death,ความตาย,khwamtai
stress,ความตึงเครียด,khwamtuengkhriat
excitement,ความตื่นเต้น,khwamtuenten
requirement,ความต้องการ,khwamtongkan
need,ความต้องการ,khwamtongkan
desire,ความต้องการ,khwamtongkan
demand,ความต้องการ,khwamtongkan
frequency,ความถี่,khwamthi
ambition,ความทะเยอทะยาน,khwamthayoethayan
popularity,ความนิยม,khwamniyom
horror,ความน่ากลัว,khwamnaklua
entertain,ความบันเทิง,khwambanthoeng
impression,ความประทับใจ,khwamprathapchai
conduct,ความประพฤติ,khwampraphriti
security,ความปลอดภัย,khwamplotphai
safety,ความปลอดภัย,khwamplotphai
joy,ความปิติยินดี,khwampitiyindi
fault,ความผิด,khwamphit
error,ความผิดพลาด,khwamphitphlat
effort,ความพยายาม,khwamphayayam
satisfied,ความพึงพอใจ,khwamphuengphochai
defeat,ความพ่ายแพ้,khwamphaiphae
wealth,ความมั่งคั่ง,khwammangkhang
confidence,ความมั่นใจ,khwammanchai
commitment,ความมุ่งมั่น,khwammungman
difficulty,ความยาก,khwamyak
poverty,ความยากจน,khwamyakchon
length,ความยาว,khwamyao
justice,ความยุติธรรม,khwamyutitham
mess,ความยุ่งเหยิง,khwamyungyoeng
responsibility,ความรับผิดชอบ,khwamrapphitchop
violence,ความรุนแรง,khwamrunraeng
knowledge,ความรู้,khwamru
feeling,ความรู้สึก,khwamrusuek
sense,ความรู้สึก,khwamrusuek
heat,ความร้อน,khwamron
secret,ความลับ,khwamlap
depth,ความลึก,khwamluek
mystery,ความลึกลับ,khwamlueklap
delay,ความล่าช้า,khwamlacha
failure,ความล้มเหลว,khwamlomleo
peace,ความสงบ,khwamsa-ngop
attention,ความสนใจ,khwamsonchai
comfort,ความสบายใจ,khwamsabaichai
relation,ความสัมพันธ์,khwamsamphan
relationship,ความสัมพันธ์,khwamsamphan
ability,ความสามารถ,khwamsamat
skill,ความสามารถ,khwamsamat
talent,ความสามารถพิเศษ,khwamsamatthiset
emphasis,ความสำคัญ,khwamsamkhan
importance,ความสำคัญ,khwamsamkhan
achievement,ความสำเร็จ,khwamsamret
success,ความสำเร็จ,khwamsamret
happiness,ความสุข,khwamsuk
pleasure,ความสุข,khwamsuk
height,ความสูง,khwamsung
meaning,ความหมาย,khwammai
variety,ความหลากหลาย,khwamlaklai
hope,ความหวัง,khwamwang
shame,ความอัปยศ,khwam-apayot
plenty,ความอุดมสมบูรณ์,khwam-udomsombun
weakness,ความอ่อนแอ,khwam-on-ae
understanding,ความเข้าใจ,khwamkhaochai
silence,ความเงียบ,khwamngiap
pain,ความเจ็บปวด,khwamcheppuat
belief,ความเชื่อ,khwamchuea
faith,ความเชื่อ,khwamchuea
leadership,ความเป็นผู้นำ,khwampenphunam
privacy,ความเป็นส่วนตัว,khwampensuantua
being,ความเป็นอยู่,khwampenyu
possibility,ความเป็นไปได้,khwampenbaidai
speed,ความเร็ว,khwamreo
injury,ความเสียหาย,khwamsiahai
damage,ความเสียหาย,khwamsiahai
sympathy,ความเห็นอกเห็นใจ,khwamhenokhenchai
strength,ความแข็งแรง,khwamkhaengraeng
anger,ความโกรธ,khwamkrot
relief,ความโล่งอก,khwamlo-ngok
Advantage,ความได้เปรียบ,khwamdaipriap
grab,คว้า,khwa
neck,คอ,kho
concert,คอนเสิร์ต,khonsoet
computer,คอมพิวเตอร์,khomphiotoe
column,คอลัมน์,kholam
score,คะแนน,khanaen
prediction,คาดการณ์,khatkan
expect,คาดหวัง,khatwang
cafe,คาเฟ่,khafe
word,คำ,kham
response,คำตอบ,khamtop
question,คำถาม,khamtham
calculate,คำนวณ,khamnuan
Noun,คำนาม,khamnam
definition,คำนิยาม,khamniyam
regard,คำนึงถึง,khamnuengthueng
lecture,คำบรรยาย,khambanyai
promise,คำมั่นสัญญา,khammansanya
criticism,คำวิจารณ์,khamwichan
finding,คำวินิจฉัย,khamwinitchai
command,คำสั่ง,khamsang
explanation,คำอธิบาย,kham-athibai
quotation,คำอ้างอิง,kham-ang-ing
invitation,คำเชิญ,khamchoen
warning,คำเตือน,khamtuean
instruction,คำแนะนำ,khamnaenam
Advice,คำแนะนำ,khamnaenam
statement,คำให้การ,khamhaikan
think,คิด,khit
invent,คิดค้น,khitkhon
comment,คิดเห็น,khithen
queue,คิว,khio
tonight,คืนนี้,khuenni
prison,คุก,khuk
you,คุณ,khun
moral,คุณธรรม,khuntham
grandfather,คุณปู่,khunpu
quality,คุณภาพ,khunphap
property,คุณสมบัติ,khunsombat
qualification,คุณสมบัติ,khunsombat
doctor,คุณหมอ,khunmo
familiar,คุ้นเคย,khunkhoei
worth,คุ้มค่า,khumkha
multiply,คูณ,khun
couple,คู่,khu
pair,คู่,khu
twin,คู่,khu
guide,คู่มือ,khumue
opponent,คู่แข่ง,khukhaeng
competitor,คู่แข่ง,khukhaeng
somewhat,ค่อนข้าง,khonkhang
rather,ค่อนข้าง,khonkhang
gradually,ค่อยๆ,khoyo
neither,ค่า,kha
wage,ค่าจ้าง,khachang
fee,ค่าธรรมเนียม,khathamniam
camp,ค่าย,khai
mean,ค่าเฉลี่ย,khachalia
charge,ค่าใช้จ่าย,khachaichai
expense,ค่าใช้จ่าย,khachaichai
discover,ค้นพบ,khonphop
search,ค้นหา,khonha
trade,ค้า,kha
murder,ฆาตกรรม,khatkam
kill,ฆ่า,kha
budget,งบ,ngop
task,งาน,ngan
work,งาน,ngan
job,งาน,ngan
hobby,งานอดิเรก,ngan-adirek
celebration,งานเฉลิมฉลอง,nganchaloemchalong
festival,งานเทศกาล,nganthetkan
wedding,งานแต่งงาน,ngantaengngan
exhibition,งานแสดงนิทรรศการ,ngansadaengnithatsakan
snake,งู,ngu
easy,ง่าย,ngai
simple,ง่าย,ngai
simply,ง่ายดาย,ngaidai
deliberately,จงใจ,chongchai
letter,จดหมาย,chotmai
until,จนกระทั่ง,chankrathang
till,จนถึง,chonthueng
graduate,จบการศึกษา,chopkansueksa
sink,จม,chom
nose,จมูก,chamuk
indeed,จริง,ching
real,จริง,ching
serious,จริงจัง,chingchang
sincere,จริงใจ,chingchai
really,จริงๆ,chingo
screen,จอภาพ,chophap
will,จะ,cha
shall,จะต้อง,chatong
bike,จักรยาน,chakkrayan
universe,จักรวาล,chakkrawan
rhythm,จังหวะ,changwa
organized,จัด,chat
manage,จัดการ,chatkan
deal,จัดการ,chatkan
organize,จัดระเบียบ,chatrabiap
priority,จัดลำดับความสำคัญ,chatlamdapkhwamsamkhan
appropriate,จัดสรร,chatsan
supply,จัดหา,chatha
catch,จับ,chap
arrest,จับกุม,chapkum
from,จาก,chak
dish,จาน,chan
plate,จาน,chan
disc,จาน,chan
remember,จำ,cham
recall,จำ,cham
limit,จำกัด,chamkat
amount,จำนวน,chamnuan
number,จำนวน,chamnuan
lot,จำนวนมาก,chamnuanmak
many,จำนวนมาก,chamnuanmak
vital,จำเป็น,champen
necessary,จำเป็น,champen
require,จำเป็นต้อง,champentong
painter,จิตรกร,chittrakon
painting,จิตรกรรม,chittrakam
soul,จิตวิญญาณ,chittawinyan
psychology,จิตวิทยา,chittiwitthaya
imagination,จินตนาการ,chintanakan
imagine,จินตนาการ,chintanakan
spot,จุด,chut
point,จุด,chut
aim,จุดมุ่งหมาย,chutmungmai
beginning,จุดเริ่มต้น,chutroemton
kiss,จูบ,chup
afford,จ่าย,chai
stare,จ้อง,chong
hire,จ้าง,chang
employ,จ้าง,chang
edition,ฉบับ,chabap
celebrate,ฉลอง,chalong
label,ฉลาก,chalak
clever,ฉลาด,chalat
wise,ฉลาด,chalat
smart,ฉลาด,chalat
intelligent,ฉลาด,chalat
sudden,ฉับพลัน,chapphlan
scene,ฉาก,chak
crash,ชน,chon
minority,ชนกลุ่มน้อย,chonklumnoi
rural,ชนบท,chonbot
countryside,ชนบท,chonbot
win,ชนะ,chana
type,ชนิด,chanit
kind(type),ชนิด (ชนิด),chanit botchanit
kind(caring),ชนิด (ดูแล),chanit phadulae
prefer,ชอบ,chop
persuade,ชักชวน,chakchuan
clear,ชัดเจน,chatchen
definite,ชัดเจน,chatchen
obvious,ชัดเจน,chatchen
victory,ชัยชนะ,chaichana
weigh,ชั่งน้ำหนัก,changnamnak
temporary,ชั่วคราว,chuakhrao
evil,ชั่วร้าย,chuarai
hour,ชั่วโมง,chuamong
layer,ชั้น,chan
class,ชั้น,chan
floor,ชั้น,chan
level,ชั้น,chan
leading,ชั้นนำ,channam
upstairs,ชั้นบน,chanbon
tea,ชา,cha
male,ชาย,chai
man,ชาย,chai
coast,ชายฝั่ง,chaifang
beach,ชายหาด,chaihat
border,ชายแดน,chaidaen
farmer,ชาวนา,chaona
settle,ชำระ,chamra
chip,ชิป,chip
piece,ชิ้น,chin
slice,ชิ้น,chin
biology,ชีววิทยา,chiwawitthaya
life,ชีวิต,chiwit
cheese,ชีส,chit
admire,ชื่นชม,chuenchom
name,ชื่อ,chue
celebrity,ชื่อเสียง,chuesiang
reputation,ชื่อเสียง,chuesiang
series,ชุด,chut
collection,ชุด,chut
set (group),ชุด (กลุ่ม),chut phaklum
set (put),ชุด (ใส่),chut phasai
underwear,ชุดชั้นใน,chutchannai
costume,ชุดแต่งกาย,chuttaengkai
community,ชุมชน,chumchon
shock,ช็อก,chok
chocolate,ช็อคโกแลต,chokkolaet
help,ช่วยด้วย,chuaiduai
assist,ช่วยเหลือ,chuailuea
aid,ช่วยเหลือ,chuailuea
channel,ช่อง,chong
gap,ช่องว่าง,chongwang
space,ช่องว่าง,chongwang
photographer,ช่างภาพ,changphap
spoon,ช้อน,chon
shopping,ช้อปปิ้ง,chopping
slowly,ช้า,cha
slow,ช้า,cha
elephant,ช้าง,chang
software,ซอฟต์แวร์,sopwae
sauce,ซอส,sot
complex,ซับซ้อน,sapson
complicated,ซับซ้อน,sapson
appreciate,ซาบซึ้ง,sapsueng
pale,ซีด,sit
CD,ซีดี,sidi
based,ซึ่งเป็นรากฐาน,suengpenrakthan
honest,ซื่อสัตย์,suesat
purchase,ซื้อ,sue
buy,ซื้อ,sue
acquire,ซื้อ,sue
soup,ซุป,sup
supermarket,ซุปเปอร์มาร์เก็ต,suppoemaket
hide,ซ่อน,son
repair,ซ่อมแซม,somsaem
left,ซ้าย,sai
repeated,ซ้ำแล้วซ้ำอีก,samlaeosam-ik
relative,ญาติ,yat
base,ฐาน,than
musical,ดนตรี,dontri
moon,ดวงจันทร์,duangchan
sun,ดวงอาทิตย์,duang-athit
flower,ดอกไม้,dokmai
dollar,ดอลลาร์,donla
loud,ดัง,dang
noisy,ดัง,dang
following,ดังต่อไปนี้,dangtopaini
so,ดังนั้น,dangnan
therefore,ดังนั้น,dangnan
thus,ดังนั้น,dangnan
push,ดัน,dan
star,ดาว,dao
download,ดาวน์โหลด,daolot
planet,ดาวเคราะห์,daokhro
satellite,ดาวเทียม,daothiam
digital,ดิจิทัล,dichithan
soil,ดิน,din
pencil,ดินสอ,dinso
raw,ดิบ,dip
good,ดี,di
nice,ดี,di
well,ดี,di
better,ดีกว่า,dikwa
best,ดีที่สุด,dithisut
tin,ดีบุก,dibuk
DVD,ดีวีดี,diwidi
glad,ดีใจ,dichai
pull,ดึง,dueng
attract,ดึงดูดใจ,duengdutchai
drink,ดื่ม,duem
view,ดู,du
watch,ดู,du
see,ดู,du
look,ดู,du
seem,ดูเหมือน,dumuean
express,ด่วน,duan
also,ด้วย,duai
together,ด้วยกัน,duaikan
yourself,ด้วยตัวคุณเอง,duaituakhun-eng
own,ด้วยตัวเอง,duaitua-eng
side,ด้าน,dan
outside,ด้านนอก,dannok
outer,ด้านนอก,dannok
top,ด้านบน,danbon
below,ด้านล่าง,danlang
bottom,ด้านล่าง,danlang
cultural,ด้านวัฒนธรรม,danwatthanatham
front,ด้านหน้า,danna
industrial,ด้านอุตสาหกรรม,dan-utsahakam
handle,ด้ามจับ,damchap
fall,ตก,tok
depressing,ตกต่ำ,toktam
OK,ตกลง,toklong
agree,ตกลง,toklong
decorate,ตกแต่ง,toktaeng
shocked,ตกใจ,tokchai
myself,ตนเอง,ton-eng
self,ตนเอง,ton-eng
policeman,ตร.,toro
straight,ตรง,trong
opposite,ตรงข้าม,trongkham
logical,ตรรกะ,tanka
detect,ตรวจจับ,truachap
investigation,ตรวจสอบ,truatsop
examine,ตรวจสอบ,truatsop
check,ตรวจสอบ,truatsop
realize,ตระหนัก,tranak
humorous,ตลก,talok
funny,ตลก,talok
through,ตลอด,talot
throughout,ตลอด,talot
forever,ตลอดไป,talotpai
market,ตลาด,talat
episode,ตอน,ton
early,ตอนต้น,tonton
now,ตอนนี้,tonni
afternoon,ตอนบ่าย,tonbai
morning,ตอนเช้า,tonchao
evening,ตอนเย็น,tonyen
reply,ตอบ,top
answer,ตอบ,top
respond,ตอบสนอง,topsanong
lead,ตะกั่ว,takua
western,ตะวันตก,tawantok
cut,ตัด,tat
decide,ตัดสิน,tatsin
character,ตัวละคร,tualakhon
instance,ตัวอย่าง,tuayyang
sample,ตัวอย่าง,tuayyang
example,ตัวอย่าง,tuayyang
himself,ตัวเขาเอง,tuakhao-eng
herself,ตัวเธอเอง,tuatho--eng
town,ตัวเมือง,tuamueang
ourselves,ตัวเรา,tuarao
option,ตัวเลือก,tualueak
itself,ตัวเอง,tua-eng
themselves,ตัวเอง,tua-eng
representative,ตัวแทน,tuathaen
agent,ตัวแทน,tuathaen
pregnant,ตั้งครรภ์,tangkhan
locate,ตั้งอยู่,tangyu
since,ตั้งแต่,tangtae
intend,ตั้งใจ,tangchai
intended,ตั้งใจว่า,tangchaiwa
ticket,ตั๋ว,tua
eye,ตา,ta
blind,ตาบอด,tabot
according to,ตาม,tam
along,ตาม,tam
usual,ตามปกติ,tampokti
ethical,ตามหลักจริยธรรม,tamlakchariyatham
typical,ตามแบบฉบับ,tambaepchabap
dead,ตาย,tai
die,ตาย,tai
table,ตาราง,tarang
schedule,ตารางเวลา,tarangwela
police,ตำรวจ,tamruat
blame,ตำหนิ,tamni
position,ตำแหน่ง,tamnaeng
stick (push into/attach),ติด (การผลักดันเข้า / แนบ),tit phakanphalakdankhaep
stick (piece of wood),ติด (ชิ้นส่วนของไม้),tit bachinsuankhongmai
install,ติดตั้ง,tittang
track,ติดตาม,tittam
contact,ติดต่อ,titto
hit,ตี,ti
beat,ตี,ti
interpret,ตีความ,tikhwam
excited,ตื่นเต้น,tuenten
shallow,ตื้น,tuen
bother,ตื๊อ,tue
October,ตุลาคม,tulakhom
cupboard,ตู้,tu
fridge,ตู้เย็น,tuyen
continue,ต่อ,to
per,ต่อ,to
oppose,ต่อต้าน,totan
resist,ต่อต้าน,totan
against,ต่อต้าน,totan
later,ต่อมา,toma
extend,ต่ออายุ,to-ayu
continuous,ต่อเนื่องกัน,tonueangkan
next,ต่อไป,topai
next to,ต่อไป,topai
further,ต่อไป,topai
different,ต่าง,tang
differently,ต่างกัน,tangkan
foreign,ต่างประเทศ,tangprathet
apart,ต่างหาก,tanghak
various,ต่างๆ,tango
low,ต่ำ,tam
script,ต้นฉบับ,tonchabap
tree,ต้นไม้,tonmai
boil,ต้ม,tom
want,ต้องการ,tongkan
must modal,ต้องเป็นกิริยาช่วย,tongpenkiriyachuai
street,ถนน,thanon
road,ถนน,thanon
retired,ถอยออก,thoi-ok
bin,ถัง,thang
tank,ถัง,thang
bean,ถั่ว,thua
nut,ถั่ว,thua
ask,ถาม,tham
permanent,ถาวร,thawon
to,ถึง,thueng
hold,ถือ,thue
bag,ถุง,thung
glove,ถุงมือ,thungmue
sock,ถุงเท้า,thungthao
rub,ถู,thu
cheap,ถูก,thuk
limited,ถูก จำกัด,thuk chamkat
legal,ถูกกฎหมาย,thukkotmai
all right,ถูกต้อง,thuktong
accurate,ถูกต้อง,thuktong
coal,ถ่านหิน,thanhin
photograph,ถ่ายภาพ,thaiphap
cup,ถ้วย,thuai
if,ถ้า,tha
test,ทดสอบ,thotsop
lawyer,ทนายความ,thanaikhwam
review,ทบทวน,thopthuan
resource,ทรัพยากร,sapphayakon
know,ทราบ,sap
aware,ทราบ,sap
sand,ทราย,sai
theory,ทฤษฎี,thritsadi
continent,ทวีป,thawip
decade,ทศวรรษ,thosawat
military,ทหาร,thahan
soldier,ทหาร,thahan
gold,ทอง,thong
fry,ทอด,thot
ambitious,ทะเยอทะยาน,thayoethayan
sea,ทะเล,thale
desert,ทะเลทราย,thalesai
lake,ทะเลสาป,thalesap
greet,ทักทาย,thakthai
dentist,ทันตแพทย์,thantaphaet
immediately,ทันที,thanthi
immediate,ทันทีทันใด,thanthithandai
fashionable,ทันสมัย,thansamai
modern,ทันสมัย,thansamai
suddenly,ทันใดนั้น,thandainan
global,ทั่วโลก,thualok
worldwide,ทั่วโลก,thualok
general,ทั่วไป,thuapai
either,ทั้ง,thang
both,ทั้งสอง,thangsong
whole,ทั้งหมด,thangmot
entire,ทั้งหมด,thangmot
all,ทั้งหมด,thangmot
overall,ทั้งหมด,thangmot
way,ทาง,thang
medical,ทางการแพทย์,thangkanphaet
eastern,ทางตะวันออก,thangtawan-ok
east,ทางทิศตะวันออก,thangthittawan-ok
north,ทางทิศเหนือ,thangthitnuea
south,ทางทิศใต้,thangthittai
railway,ทางรถไฟ,thangrotfai
runner,ทางวิ่ง,thangwing
indirect,ทางอ้อม,thang-om
entrance,ทางเข้า,thangkhao
passage,ทางเดิน,thangdoen
sexual,ทางเพศ,thangphet
alternative,ทางเลือก,thanglueak
choice,ทางเลือก,thanglueak
mental,ทางใจ,thangchai
southern,ทางใต้,thangtai
baby,ทารก,tharok
slave,ทาส,that
do,ทำ,tham
operate,ทำงาน,thamngan
repeat,ทำซ้ำ,thamsam
wooden,ทำด้วยไม้,thamduaimai
tune,ทำนองเพลง,thamnongphleng
predict,ทำนาย,thamnai
destroy,ทำลาย,thamlai
act,ทำหน้าที่,thamnathi
improve,ทำให้ดีขึ้น,thamhaidikhuen
enhance,ทำให้ดีขึ้น,thamhaidikhuen
ensure,ทำให้มั่นใจ,thammaimanchai
enable,ทำให้สามารถ,thamhaisamat
confusing,ทำให้เกิดความสับสน,thamhaikoetkhwamsapson
why,ทำไม,thammai
west,ทิศตะวันตก,thittawantok
direction,ทิศทาง,thitthang
team,ทีม,thim
quite,ทีเดียว,thidiao
which,ที่,thi
at,ที่,thi
that,ที่,thi
expected,ที่คาดหวัง,thikhatwang
killing,ที่ฆ่า,thikha
actual,ที่จริง,thiching
parking,ที่จอดรถ,thichotrot
favourite,ที่ชื่นชอบ,thichuenchop
estate,ที่ดิน,thidin
land,ที่ดิน,thidin
location,ที่ตั้ง,thitang
located,ที่ตั้งอยู่,thitangyu
seat,ที่นั่ง,thinang
there,ที่นั่น,thinan
here,ที่นี่,thini
disappointing,ที่น่าผิดหวัง,thinaphitwang
successful,ที่ประสบความสำเร็จ,thiprasopkhwamsamret
illegal,ที่ผิดกฎหมาย,thiphitkotmai
accommodation,ที่พัก,thiphak
shelter,ที่พักอาศัย,thiphak-asai
origin,ที่มา,thima
experienced,ที่มีประสบการณ์,thimiprasopkan
efficient,ที่มีประสิทธิภาพ,thimiprasitthiphap
exist,ที่มีอยู่,thimiyu
included,ที่รวมอยู่,thiruamyu
dear,ที่รัก,thirak
plain,ที่ราบ,thirap
surrounding,ที่ล้อมรอบ,thilomrop
third,ที่สาม,thisam
fourth,ที่สี่,thisi
smoking,ที่สูบบุหรี่,thisupburi
fifth,ที่ห้า,thiha
address,ที่อยู่,thiyu
potential,ที่อาจเกิดขึ้น,thi-atkoetkhuen
elsewhere,ที่อื่น ๆ,thi-uen 1
associated,ที่เกี่ยวข้อง,thikiaokhong
involved,ที่เกี่ยวข้อง,thikiaokhong
concerned,ที่เกี่ยวข้อง,thikiaokhong
relevant,ที่เกี่ยวข้อง,thikiaokhong
related,ที่เกี่ยวข้อง,thikiaokhong
associate,ที่เกี่ยวข้อง,thikiaokhong
leisure,ที่เดินทางมาพักผ่อน,thidoenthangmaphakphon
prepared,ที่เตรียมไว้,thitriamwai
injured,ที่ได้รับบาดเจ็บ,thidairapbatchep
where,ที่ไหน,thihai
wherever,ที่ไหนก็ตาม,thinaikotam
everyone,ทุกคน,thukkhon
everybody,ทุกคน,thukkhon
everywhere,ทุกที่,thukthi
everyday,ทุกวัน,thukwan
everything,ทุกอย่าง,thukyang
anywhere,ทุกแห่ง,thukhaeng
every,ทุกๆ,thuko
grant,ทุน,thun
pipe,ท่อ,tho
attitude,ท่าที,thathi
sir,ท่าน,than
port,ท่าเรือ,tharuea
sky,ท้องฟ้า,thongfa
challenge,ท้าทาย,thathai
flag,ธง,thong
bank (money),ธนาคาร (เงิน),thanakhan pha-ngoeno
bank (river),ธนาคาร (แม่น้ำ),thanakhan phamaenam
fair,ธรรม,tham
nature,ธรรมชาติ,thammachat
wildlife,ธรรมชาติ,thammachat
December,ธันวาคม,thanwakhom
element,ธาตุ,that
business,ธุรกิจ,thurakit
bird,นก,nok
milk,นม,nom
hell,นรก,narok
novel,นวนิยาย,nawaniyai
furthermore,นอกจากนี้,nokchakni
sleep,นอน,non
asleep,นอนหลับ,nonlap
politician,นักการเมือง,nakkanmueang
athlete,นักกีฬา,nakkila
journalist,นักข่าว,nakkhao
psychologist,นักจิตวิทยา,nakchitwitthaya
musician,นักดนตรี,nakdontri
tourist,นักท่องเที่ยว,nakthongthiao
traveller,นักท่องเที่ยว,nakthongthiao
businessman,นักธุรกิจ,nakthurakit
pilot,นักบิน,nakbin
singer,นักร้อง,nakrong
researcher,นักวิจัย,nakwichai
critic,นักวิจารณ์,nakwichan
scientist,นักวิทยาศาสตร์,nakwitthayasat
detective,นักสืบ,naksuep
designer,นักออกแบบ,nak-okbaep
writer,นักเขียน,nakkhian
pupil,นักเรียน,nakrian
student,นักเรียน,nakrian
actor,นักแสดงชาย,naksadaengchai
actress,นักแสดงหญิง,naksadaengying
prisoner,นักโทษ,nakthot
count,นับ,nap
sit,นั่ง,nang
ride,นั่ง,nang
miss,นางสาว,nangsao
dancer,นาฏ,nat
minute,นาที,nathi
rarely,นาน ๆ ครั้ง,nan  chrang
boss,นาย,nai
employer,นายจ้าง,naichang
clock,นาฬิกา,nalika
bring,นำมาซึ่ง,nammasueng
adopt,นำมาใช้,nammachai
import,นำเข้า,namkhao
present,นำเสนอ,namsanoe
bit,นิดหน่อย,nitnoi
magazine,นิตยสาร,nitayasan
tale,นิทาน,nithan
nuclear,นิวเคลียร์,niokhlia
habit,นิสัย,nisai
inch,นิ้ว,nio
finger,นิ้ว,nio
toe,นิ้วเท้า,niothao
this,นี้,ni
policy,นโยบาย,nayobai
awful,น่ากลัว,naklua
horrible,น่ากลัว,naklua
frightening,น่ากลัว,naklua
terrible,น่ากลัว,naklua
scary,น่ากลัว,naklua
exciting,น่าตื่นเต้น,natuenten
dramatic,น่าทึ่ง,nathueng
pretty,น่ารัก,narak
lovely,น่ารัก,narak
offensive,น่ารังเกียจ,narangkiat
annoying,น่ารำคาญ,naramkhan
pleasant,น่ารื่นรมย์,naruenrom
poor,น่าสงสาร,nasongsan
interest,น่าสนใจ,nasonchai
interesting,น่าสนใจ,nasonchai
amazing,น่าอัศจรรย์,na-atchan
fantastic,น่าอัศจรรย์,na-atchan
embarrassing,น่าอาย,na-ai
ugly,น่าเกลียด,nakliat
reliable,น่าเชื่อถือ,nachueathue
boring,น่าเบื่อ,nabuea
unfortunately,น่าเสียดาย,nasiadai
wonder,น่าแปลกใจ,naplaekchai
surprising,น่าแปลกใจ,naplaekchai
sister,น้องสาว,nongsao
few,น้อย,noi
little,น้อย,noi
less,น้อยกว่า,noikwa
least,น้อยที่สุด,noithisut
water,น้ำ,nam
sugar,น้ำตาล,namtan
flood,น้ำท่วม,namthuam
juice,น้ำผลไม้,namphonmai
oil,น้ำมัน,namman
weight,น้ำหนัก,namnak
ice,น้ำแข็ง,namkhaeng
chapter,บท,bot
poem,บทกวี,botkawi
poetry,บทกวี,botkawi
article,บทความ,botkhwam
introduction,บทนำ,bothanam
role,บทบาท,botbat
dialogue,บทสนทนา,botsonthana
lesson,บทเรียน,botrian
upper,บน,bon
on,บน,bon
contain,บรรจุ,banchu
package,บรรจุภัณฑ์,banchuphan
editor,บรรณาธิการ,bannathikan
atmosphere,บรรยากาศ,banyakat
achieve,บรรลุ,banlu
waiter,บริกร,borikon
serve,บริการ,borikan
service,บริการ,borikan
donate,บริจาค,borichak
context,บริบท,boribot
company,บริษัท,borisat
firm,บริษัท,borisat
pure,บริสุทธิ์,borisut
consume,บริโภค,boriphok
blog,บล็อก,blok
block,บล็อก,blok
positive,บวก,buak
plus,บวก,buak
tell,บอก,bok
force,บังคับ,bangkhap
account,บัญชีผู้ใช้,banchiphuchai
card,บัตร,bat
save,บันทึก,banthuek
record,บันทึก,banthuek
note,บันทึก,banthuek
stair,บันได,bandai
some,บาง,bang
somebody,บางคน,bangkhon
someone,บางคน,bangkhon
sometimes,บางครั้ง,bangkhrang
perhaps,บางที,bangthi
something,บางสิ่งบางอย่าง,bangsingbangyang
somewhere,บางแห่ง,banghaeng
wound,บาดแผล,batphaen
bye,บาย,bai
bar,บาร์,ba
basketball,บาสเกตบอล,batketbon
fly,บิน,bin
bill,บิล,bin
staff,บุคลากร,buklakon
personality,บุคลิกภาพ,buklikphap
cigarette,บุหรี่,buri
imply,บ่งบอกถึง,bongbokthueng
complain,บ่น,bon
often,บ่อยครั้ง,boikhrang
frequently,บ่อยๆ,boyo
crazy,บ้า,ba
mad,บ้า,ba
home,บ้าน,ban
house,บ้าน,ban
cover,ปก,pok
govern,ปกครอง,pokkhrong
covered,ปกคลุม,pokkhlum
regular,ปกติ,pokti
normally,ปกติ,pokti
normal,ปกติ,pokti
reaction,ปฏิกิริยา,patikiriya
perform,ปฏิบัติการ,patibattan
follow,ปฏิบัติตาม,patibattam
deny,ปฏิเสธ,patiset
reject,ปฏิเสธ,patiset
consist,ประกอบด้วย,prakopduai
include,ประกอบด้วย,prakopduai
insurance,ประกันภัย,prakanphai
firstly,ประการแรก,prakanraek
declare,ประกาศ,prakat
publish,ประกาศ,prakat
announce,ประกาศ,prakat
annual,ประจำปี,prachampi
daily,ประจำวัน,prachamwan
population,ประชากร,prachakon
meeting,ประชุม,prachum
sculpture,ประติมากรรม,pratimakam
door,ประตู,pratu
gate,ประตู,pratu
primary,ประถม,prathom
stamp,ประทับ,prathap
impressed,ประทับใจ,prathapchai
impressive,ประทับใจ,prathapchai
impress,ประทับใจ,prathapchai
protest,ประท้วง,prathuang
president,ประธาน,prathan
chairman,ประธาน,prathan
behave,ประพฤติ,praphriti
fishing,ประมง,pramong
approximately,ประมาณ,praman
estimate,ประมาณการ,pramankan
careless,ประมาท,pramat
practical,ประยุกต์,prayuk
historic,ประวัติศาสตร์,prawattisat
history,ประวัติศาสตร์,prawattisat
historical,ประวัติศาสตร์,prawattisat
wish,ประสงค์,prasong
suffer,ประสบ,prasop
experience,ประสบการณ์,prasopkan
successfully,ประสบความสำเร็จ,prasopkhwamsamret
succeed,ประสบความสำเร็จ,prasopkhwamsamret
performance,ประสิทธิภาพ,prasitthiphap
saving,ประหยัด,prayat
surprised,ประหลาดใจ,pralatchai
amazed,ประหลาดใจ,pralatchai
country,ประเทศ,prathet
nation,ประเทศชาติ,prathetchat
tradition,ประเพณี,prapheni
sort,ประเภท,praphet
category,ประเภท,praphet
genre,ประเภท,praphet
rate,ประเมินค่า,pramoenkha
evaluate,ประเมินผล,pramoenphon
assess,ประเมินผล,pramoenphon
clause,ประโยค,prayok
sentence,ประโยค,prayok
benefit,ประโยชน์,prayot
philosophy,ปรัชญา,pratya
adapt,ปรับ,prap
update,ปรับปรุง,prapprung
modify,ปรับเปลี่ยน,prapplian
appear,ปรากฏ,prakot
phenomenon,ปรากฏการณ์,prakttan
castle,ปราสาท,prasat
volume,ปริมาณ,pariman
quantity,ปริมาณ,pariman
cook,ปรุงอาหาร,prung-ahan
secure,ปลอดภัย,plotphai
safe,ปลอดภัย,plotphai
fish,ปลา,pla
tip,ปลาย,plai
end,ปลาย,plai
destination,ปลายทาง,plaithang
wake,ปลุก,pluk
plant,ปลูก,pluk
release,ปล่อย,ploi
let,ปล่อย,ploi
lung,ปอด,pot
pound,ปอนด์,pon
factor,ปัจจัย,patchai
currently,ปัจจุบัน,patchuban
current,ปัจจุบัน,patchuban
trouble,ปัญหา,panha
problem,ปัญหา,panha
issue,ปัญหา,panha
mouth,ปาก,pak
pen,ปากกา,pakka
shut,ปิด,pit
off,ปิด,pit
closed,ปิด,pit
year,ปี,pi
wing,ปีก,pik
climb,ปีนขึ้นไป,pinkhuenpai
united,ปึกแผ่น,puekphaen
gun,ปืน,puen
button,ปุ่ม,pum
grandparent,ปู่ย่าตายาย,puyatayai
ill,ป่วย,puai
sick,ป่วย,puai
wild,ป่า,pa
forest,ป่า,pa
protect,ป้องกัน,pongkan
defence,ป้องกัน,pongkan
prevent,ป้องกัน,pongkan
defend,ป้องกัน,pongkan
aunt,ป้า,pa
pop,ป๊อปอัพ,pop-ap
powder,ผง,phong
wall,ผนัง,phanang
I,ผม,phom
hair,ผม,phom
me,ผม,phom
outcome,ผล,phon
effect,ผล,phon
consequence,ผลพวง,phonphuang
result,ผลลัพธ์,phonlap
fruit,ผลไม้,phonmai
mixed,ผสม,phasom
mix,ผสม,phasom
thin,ผอม,phom
vegetable,ผัก,phak
pub,ผับ,phap
unusual,ผิดปกติ,phitpokati
mistake,ผิดพลาด,phitphlat
disappointed,ผิดหวัง,phitwang
skin,ผิว,phio
ghost,ผี,phi
bee,ผึ้ง,phueng
tie,ผูก,phuk
commit,ผูกมัด,phukmat
manager,ผู้จัดการ,phuchatkan
winner,ผู้ชนะ,phuchana
audience,ผู้ชม,phuchom
viewer,ผู้ชม,phuchom
guy,ผู้ชาย,phuchai
assistant,ผู้ช่วย,phuchuai
innocent,ผู้บริสุทธิ์,phuborisut
consumer,ผู้บริโภค,phuboriphok
parent,ผู้ปกครอง,phupokkhrong
worker,ผู้ปฏิบัติงาน,phupatibatngan
producer,ผู้ผลิต,phuphlit
trainer,ผู้ฝึกสอน,phufuekson
judge,ผู้พิพากษา,phuphiphaksa
speaker,ผู้พูด,phuphut
listener,ผู้ฟัง,phufang
visitor,ผู้มาเยือน,phumayuean
supporter,ผู้สนับสนุน,phusanapsanun
candidate,ผู้สมัคร,phusamakkhon
reporter,ผู้สื่อข่าว,phusuekhao
lady,ผู้หญิง,phuying
immigrant,ผู้อพยพ,phu-ophayop
resident,ผู้อยู่อาศัย,phuyu-asai
director,ผู้อำนวยการ,phu-amnuaikan
reader,ผู้อ่าน,phu-an
author,ผู้เขียน,phukhian
participant,ผู้เข้าร่วม,phukhaoruam
expert,ผู้เชี่ยวชาญ,phuchiaochan
specialist,ผู้เชี่ยวชาญ,phuchiaochan
minor,ผู้เยาว์,phuyao
player,ผู้เล่น,phulen
passenger,ผู้โดยสาร,phudoisan
user,ผู้ใช้งาน,phuchai-ngan
adult,ผู้ใหญ่,phuyai
relax,ผ่อนคลาย,phonkhlai
relaxing,ผ่อนคลาย,phonkhlai
relaxed,ผ่อนคลาย,phonkhlai
via,ผ่านทาง,phanthang
pass,ผ่านไป,phanpai
cloth,ผ้า,pha
towel,ผ้าขนหนู,phakhonnu
rain,ฝน,fon
shower,ฝักบัว,fakbua
bury,ฝังศพ,fangsop
dream,ฝัน,fan
nightmare,ฝันร้าย,fanrai
cap,ฝาครอบ,fakhrop
lip,ฝีปาก,fipak
dirt,ฝุ่น,fun
dust,ฝุ่น,fun
crowd,ฝูงชน,fungchon
opposition,ฝ่ายค้าน,faikhan
executive,ฝ่ายบริหาร,faiborihan
cotton,ฝ้าย,fai
dictionary,พจนานุกรม,photchananukrom
encounter,พบ,phop
found,พบ,phop
meet,พบกัน,phopkan
witness,พยาน,phayan
nurse,พยาบาล,phayaban
attempt,พยายาม,phayayam
carpet,พรม,phrom
party,พรรค,phak
palace,พระราชวัง,phraratchawang
queen,พระราชินี,phrarachini
priest,พระสงฆ์,phrasong
God,พระเจ้า,phrachao
hero,พระเอก,phra-ek
pepper,พริกไทย,phrikthai
ready,พร้อมแล้ว,phromlaeo
behaviour,พฤติกรรม,phruetikam
November,พฤศจิกายน,phritchikain
energy,พลังงาน,phlangngan
plastic,พลาสติก,phlattik
citizen,พลเมือง,phonmueang
civil,พลเรือน,phonruean
plot,พล็อต,phlot
crew,พวกลูกเรือ,phuaklukruea
them,พวกเขา,phuakkhao
they,พวกเขา,phuakkhao
bunch,พวง,phuang
enough,พอ,pho
equally,พอ ๆ กัน,pho   nakan
fit,พอดี,phodi
satisfy,พอใจ,phochai
develop,พัฒนา,phatthana
development,พัฒนาการ,phatthanakan
thousand,พัน,phan
bond,พันธบัตร,phanthabat
league,พันธมิตร,phanthamit
billion number,พันล้านหมายเลข,phanlanmailek
fold,พับ,phap
folding,พับได้,phapdai
headline,พาดหัว,phathua
storm,พายุ,phayu
hurricane,พายุเฮอริเคน,phayuhoerikhen
vehicle,พาหนะ,phana
consider,พิจารณา,phicharana
deliberate,พิจารณา,phicharana
ceremony,พิธี,phithi
museum,พิพิธภัณฑ์,phiphitphan
print,พิมพ์,phim
range,พิสัย,phisai
prove,พิสูจน์,phisut
proof,พิสูจน์,phisut
special,พิเศษ,phiset
extra,พิเศษ,phiset
brother,พี่ชาย,phichai
crop,พืชผล,phuetphon
ground,พื้น,phuen
fundamental,พื้นฐาน,phuenthan
area,พื้นที่,phuenthi
folk,พื้นบ้าน,phuenban
surface,พื้นผิว,phuenphio
background,พื้นหลัง,phuenlang
native,พื้นเมือง,phuenmueang
bush,พุ่มไม้,phummai
spoken,พูด,phut
say,พูด,phut
speak,พูด,phut
chat,พูดคุย,phutkhui
dad,พ่อ,pho
father,พ่อ,pho
chef,พ่อครัว,phokhrua
free,ฟรี,fri
bubble,ฟอง,fong
listen,ฟัง,fang
function,ฟังก์ชัน,fangchan
tooth,ฟัน,fan
farm,ฟาร์ม,fa
film,ฟิล์ม,fi
physics,ฟิสิกส์,fisik
soccer,ฟุตบอล,futbon
football,ฟุตบอล,futbon
wife,ภรรยา,phanya
disaster,ภัยพิบัติ,phaiphibat
sector,ภาค,phak
northern,ภาคเหนือ,phaknuea
container,ภาชนะ,phachana
picture,ภาพ,phap
visual,ภาพ,phap
image,ภาพ,phap
photo,ภาพถ่าย,phapthai
illustration,ภาพประกอบ,phapprakop
portrait,ภาพเหมือน,phapmuean
external,ภายนอก,phainok
afterwards,ภายหลัง,phailang
under,ภายใต้,phaitai
within,ภายใน,phainai
inside,ภายใน,phainai
internal,ภายใน,phainai
inner,ภายใน,phainai
load,ภาระ,phara
obligation,ภาระผูกพัน,pharaphukphan
language,ภาษา,phasa
tax,ภาษี,phasi
landscape,ภูมิประเทศ,phumprathet
region,ภูมิภาค,phumphak
geography,ภูมิศาสตร์,phumsat
climate,ภูมิอากาศ,phum-akat
proud,ภูมิใจ,phumchai
mountain,ภูเขา,phukhao
mount,ภูเขา,phukhao
January,มกราคม,mokrakhom
fellow,มนุษย์,manut
pollution,มลพิษ,monphit
mass,มวล,muan
university,มหาวิทยาลัย,mahawitthayalai
enormous,มหาศาล,mahasan
ocean,มหาสมุทร,mahasamut
lemon,มะนาว,manao
tomato,มะเขือเทศ,makhueathet
usually,มักจะ,makcha
IT,มัน,man
it,มัน,man
potato,มันฝรั่ง,manfarang
shiny,มันเงา,manngao
steady,มั่นคง,mankhong
confident,มั่นใจ,manchai
come,มา,ma
very,มาก,mak
massive,มาก,mak
much,มาก,mak
more,มากกว่า,makkwa
most,มากที่สุด,makthisut
numerous,มากมาย,makmai
accompany,มากับ,makap
standard,มาตรฐาน,matthan
section,มาตรา,matra
arrive,มาถึง,mathueng
magic,มายากล,mayakon
smartphone,มาร์ทโฟน,matfafon
ago,มาแล้ว,malaeo
otherwise,มิฉะนั้น,michanan
friendship,มิตรภาพ,mitphap
June,มิถุนายน,mithunayon
have,มี,mi
possess,มี,mi
have to modal,มีการกิริยา,mikankiriya
talented,มีความสามารถ,mikhwamsamat
happy,มีความสุข,mikhwamsuk
valuable,มีคุณค่า,mikhunkha
qualify,มีคุณสมบัติ,mikhunsombat
qualified,มีคุณสมบัติ,mikhunsombat
alive,มีชีวิตอยู่,michiwityu
famous,มีชื่อเสียง,michuesiang
knife,มีด,mit
March,มีนาคม,minakhom
effectively,มีประสิทธิภาพ,miprasitthiphap
effective,มีประสิทธิภาพ,miprasitthiphap
useful,มีประโยชน์,miprayot
affect,มีผลต่อ,miphonto
conscious,มีสติอยู่,misatiyu
coloured,มีสี,misi
alcoholic,มีส่วนผสมของแอลกอฮอล์,misuanphasomkhong-aekkaho
participate,มีส่วนร่วม,misuanruam
aged,มีอายุ,mi-ayu
powerful,มีอำนาจ,mi-amnat
influence,มีอิทธิพล,mi-itthiphon
stable,มีเสถียรภาพ,misathianphap
attractive,มีเสน่ห์,misene
reasonable,มีเหตุผล,mihetphon
tend,มีแนวโน้ม,minaeonom
dark,มืด,muet
hand,มือ,mue
professional,มืออาชีพ,mue-achip
angle,มุม,mum
corner,มุม,mum
perspective,มุมมอง,mummong
determined,มุ่งมั่น,mungman
spiritual,มโนมัย,manomai
fascinating,มโนหร,manohon
curtain,ม่าน,man
roll,ม้วน,muan
horse,ม้า,ma
lift,ยก,yok
raise,ยก,yok
cancel,ยกเลิก,yokloek
dismiss,ยกเลิก,yokloek
except,ยกเว้น,yokwen
forgive,ยกโทษให้,yokthothai
rank,ยศ,yot
excellent,ยอดเยี่ยม,yotyiam
wonderful,ยอดเยี่ยม,yotyiam
admit,ยอมรับ,yomrap
accept,ยอมรับ,yomrap
acceptable,ยอมรับได้,yomrapdai
giant,ยักษ์,yak
yet,ยัง,yang
remain,ยังคง,yangkhong
still,ยังคง,yangkhong
lean,ยัน,yan
medicine,ยา,ya
drug,ยา,ya
hard,ยาก,yak
difficult,ยาก,yak
tough,ยาก,yak
rubber,ยาง,yang
tyre,ยาง,yang
poison,ยาพิษ,yaphit
guard,ยาม,yam
grandmother,ยาย,yai
long,ยาว,yao
shoot,ยิง,ying
delighted,ยินดี,yindi
pleased,ยินดี,yindi
welcome,ยินดีต้อนรับ,yinditonrap
gym,ยิม,yim
great,ยิ่งใหญ่,yingyai
grand,ยิ่งใหญ่,yingyai
twenty,ยี่สิบ,yisip
brand,ยี่ห้อ,yiho
fasten,ยึด,yuet
stretch,ยืด,yuet
stand,ยืน,yuen
confirm,ยืนยัน,yuenyan
insist,ยืนยัน,yuenyan
lend,ยืม,yuem
borrow,ยืม,yuem
euro,ยูโร,yuro
paragraph,ย่อหน้า,yona
neighbourhood,ย่าน,yan
quarter,ย่าน,yan
backwards,ย้อนกลับ,yonklap
move,ย้าย,yai
campaign,รณรงค์,ranarong
bicycle,รถจักรยาน,rotchakrayan
motorcycle,รถจักรยานยนต์,rotchakrayanyon
van,รถตู้,rottu
lorry,รถบรรทุก,rotbanthuk
truck,รถบรรทุก,rotbanthuk
bus,รถบัส,rotbat
car,รถยนต์,rothon
taxi,รถแท็กซี่,rotthaeksi
train,รถไฟ,rotfai
annoy,รบกวน,ropkuan
rapid,รวดเร็ว,ruatreo
quick,รวดเร็ว,ruatreo
fast,รวดเร็ว,ruatreo
gather,รวบรวม,ruapruam
total,รวม,ruam
sum,รวม,ruam
combine,รวมกัน,ruamkan
involve,รวมถึง,ruamthueng
including,รวมทั้ง,ruamthang
rich,รวย,ruai
spicy,รสจัด,rotchat
code,รหัส,rahat
wait,รอ,ro
secondary,รอง,rong
shoe,รองเท้า,rongthao
boot,รองเท้า,rongthao
around,รอบ,rop
round,รอบ,rop
carefully,รอบคอบ,ropkhop
surround,รอบทิศทาง,ropthitthang
smile,รอยยิ้ม,roiyim
degree,ระดับ,radap
senior,ระดับอาวุโส,radap-awuso
system,ระบบ,rabop
careful,ระมัดระวัง,ramatrawang
phase,ระยะ,raya
distance,ระยะทาง,rayathang
long-term,ระยะยาว,rayayao
period,ระยะเวลา,rayawela
between,ระหว่าง,rawang
international,ระหว่างประเทศ,rawangprathet
explode,ระเบิด,raboet
blow,ระเบิด,raboet
regulation,ระเบียบข้อบังคับ,rabiapkhobangkhap
agenda,ระเบียบวาระการประชุม,rabiapwarakanprachum
love,รัก,rak
rugby,รักบี้,rakbi
cure,รักษา,raksa
treat,รักษา,raksa
retain,รักษา,raksa
elect,รักษาการ,raksakan
government,รัฐบาล,ratthaban
minister,รัฐมนตรี,ratthamontri
parliament,รัฐสภา,ratthasapha
receive,รับ,rap
acknowledge,รับทราบ,rapsap
guarantee,รับประกัน,rapprakan
responsible,รับผิดชอบ,rapphitchop
recognize,รับรู้,rapru
fence,รั้ว,rua
root,ราก,rak
basis,รากฐาน,rakthan
price,ราคา,rakha
cost,ราคา,rakha
prize,รางวัล,rangwan
reward,รางวัล,rangwan
award,รางวัล,rangwan
list,รายการ,raikan
report,รายงาน,rai-ngan
individual,รายบุคคล,raibukkhon
detailed,รายละเอียด,raila-iat
detail,รายละเอียด,raila-iat
annoyed,รำคาญ,ramkhan
hurry,รีบเร่ง,ripreng
resort,รีสอร์ท,riso
recycle,รีไซเคิล,risaikhoen
severe,รุนแรง,runraeng
violent,รุนแรง,runraeng
version,รุ่น,run
generation,รุ่น,run
hole,รู,ru
figure,รูป,rup
statue,รูปปั้น,ruppan
shape,รูปร่าง,ruprang
feel,รู้สึก,rusuek
guilty,รู้สึกผิด,rusuekphit
sensitive,รู้สึกไว,rusuekwai
rock (stone),ร็อค (หิน),rok phahino
umbrella,ร่ม,rom
shade,ร่มเงา,romngao
join,ร่วม,ruam
common,ร่วมกัน,ruamkan
contemporary,ร่วมสมัย,ruamsamai
draft,ร่าง,rang
body,ร่างกาย,rangkai
cheerful,ร่าเริง,raroeng
wealthy,ร่ำรวย,ramruai
sing,ร้องเพลง,rongphleng
cry,ร้องไห้,ronghai
hot,ร้อน,ron
cent,ร้อย,roi
hundred,ร้อย,roi
per cent,ร้อยละ,roila
percentage,ร้อยละ,roila
shop,ร้านขายของ,rankhaikhong
restaurant,ร้านอาหาร,ran-ahan
season,ฤดู,ruedu
summer,ฤดูร้อน,rueduron
winter,ฤดูหนาว,ruedunao
spring,ฤดูใบไม้ผลิ,ruedubaimaiphli
autumn,ฤดูใบไม้ร่วง,ruedubaimairuang
down,ลง,long
downwards,ลงต่ำ,longtam
invest,ลงทุน,longthun
punish,ลงโทษ,longthot
reduce,ลด,lot
decrease,ลดลง,lotlong
decline,ลดลง,lotlong
lower,ลดลง,lotlong
remove,ลบ,lop
breath,ลมหายใจ,lomhaichai
wire,ลวด,luat
try,ลอง,long
float,ลอย,loi
drama,ละคร,lakhon
abandon,ละทิ้ง,lathing
melt,ละลาย,lalai
ashamed,ละอายใจ,la-aichai
fine,ละเอียด,la-iat
description,ลักษณะ,laksana
manner,ลักษณะ,laksana
feature,ลักษณะเฉพาะ,laksanachapho
characteristic,ลักษณะเฉพาะ,laksanachapho
hesitate,ลังเล,langle
loudly,ลั่น,lan
drag,ลาก,lak
goodbye,ลาก่อน,lakon
slope,ลาด,lat
yard,ลาน,lan
throat,ลำคอ,lamkho
sequence,ลำดับ,lamdap
monkey,ลิง,ling
link,ลิงค์,ling
tongue,ลิ้น,lin
taste,ลิ้มรส,limrot
deeply,ลึก,luek
deep,ลึก,luek
mysterious,ลึกลับ,lueklap
forget,ลืม,luem
slip,ลื่น,luen
rise,ลุกขึ้น,lukkhuen
uncle,ลุง,lung
customer,ลูกค้า,lukkha
client,ลูกค้า,lukkha
employee,ลูกจ้าง,lukchang
son,ลูกชาย,lukchai
ball,ลูกบอล,lukbon
cousin,ลูกพี่ลูกน้อง,lukphiluknong
daughter,ลูกสาว,luksao
lock,ล็อค,lok
collapse,ล่มสลาย,lomsalai
ahead,ล่วงหน้า,luangna
hunt,ล่า,la
latest,ล่าสุด,lasut
fail,ล้มเหลว,lomleo
wheel,ล้อ,lo
wash,ล้าง,lang
million number,ล้านหมายเลข,lanmailek
circle,วงกลม,wongklom
cycle,วงจร,wongchon
band,วงดนตรี,wongdontri
literature,วรรณกรรม,wannakam
phrase,วลี,wali
culture,วัฒนธรรม,watthanatham
measure,วัด,wat
object,วัตถุ,watthu
objective,วัตถุประสงค์,watthuprasong
purpose,วัตถุประสงค์,watthuprasong
day,วัน,wan
anniversary,วันครบรอบ,wankhroprop
Monday,วันจันทร์,wanchan
date,วันที่,wanthi
tomorrow,วันพรุ่งนี้,wanphrungni
Thursday,วันพฤหัสบดี,wanphruehatbodi
Wednesday,วันพุธ,wanphut
Friday,วันศุกร์,wansuk
vacation,วันหยุด,wanyut
holiday,วันหยุด,wanyut
Tuesday,วันอังคาร,wan-angkhan
Sunday,วันอาทิตย์,wan-athit
birthday,วันเกิด,wankoet
Saturday,วันเสาร์,wansao
teenage,วัยรุ่น,wairun
childhood,วัยเด็ก,waidek
teenager,วัยโจ๋,waicho
cow,วัว,wua
material,วัสดุ,watsud
lay,วาง,wang
bomb,วางระเบิด,wangraboet
plan,วางแผน,wangphaen
rely,วางใจ,wangchai
trust,วางใจ,wangchai
draw,วาด,wat
journal,วารสาร,warasan
term,วาระ,wara
crisis,วิกฤติ,wikriti
critical,วิกฤติ,wikriti
research,วิจัย,wichai
criticize,วิจารณ์,wichan
academic,วิชาการ,wichakan
technical,วิชาการ,wichakan
spirit,วิญญาณ,winyan
vitamin,วิตามิน,witamin
lifestyle,วิถีการดำเนินชีวิต,withikandamnoenchiwit
college,วิทยาลัย,witthayalai
scientific,วิทยาศาสตร์,witthayasat
science,วิทยาศาสตร์,witthayasat
campus,วิทยาเขต,witthayakhet
radio,วิทยุ,witthayu
method,วิธี,withi
means,วิธี,withi
discipline,วินัย,winai
engineer,วิศวกร,witsawakon
engineering,วิศวกรรม,witsawakam
vision,วิสัยทัศน์,wisaithat
extraordinary,วิสามัญ,wisaman
analyse,วิเคราะห์,wikhro
rush,วิ่ง,wing
running,วิ่ง,wing
run,วิ่ง,wing
video,วีดีโอ,widi-o
whether,ว่า,wa
unemployed,ว่างงาน,wangngan
blank,ว่างเปล่า,wangplao
empty,ว่างเปล่า,wangplao
engage,ว่าจ้าง,wachang
swimming,ว่ายน้ำ,wainam
wow,ว้าว,wao
century,ศตวรรษ,satawat
holy,ศักดิ์สิทธิ์,saksit
enemy,ศัตรู,sattru
surgery,ศัลยกรรม,sanlayakam
court,ศาล,san
professor,ศาสตราจารย์,sattrachan
religion,ศาสนา,satsana
art,ศิลปะ,sinlapa
artistic,ศิลปะ,sinlapa
artist,ศิลปิน,sinlapin
head,ศีรษะ,sirasa
fighting,ศึก,suek
study,ศึกษา,sueksa
zero,ศูนย์,sun
centre,ศูนย์,sun
central,ศูนย์กลาง,sunklang
dirty,สกปรก,sokprok
ski,สกี,saki
war,สงคราม,songkhram
doubt,สงสัย,songsai
suspect,สงสัย,songsai
fresh,สด,sot
bright,สดใส,sotsai
lively,สดใส,sotsai
intelligence,สติปัญญา,satipanya
studio,สตูดิโอ,satudi-o
circumstance,สถานการณ์,sathankan
situation,สถานการณ์,sathankan
place,สถานที่,sathanthi
status,สถานะ,sathana
state,สถานะ,sathana
station,สถานี,sathani
institute,สถาบัน,sathaban
institution,สถาบัน,sathaban
architect,สถาปนิก,sathapanik
architecture,สถาปัตยกรรม,sathapattayakam
statistic,สถิติ,sathiti
discuss,สนทนา,sonthana
contribute,สนับสนุน,sanapsanun
support,สนับสนุน,sanapsanun
field,สนาม,sanam
stadium,สนามกีฬา,sanamkila
airport,สนามบิน,sanambin
fun,สนุก,sanuk
enjoy,สนุก,sanuk
interested,สนใจ,sonchai
comfortable,สบาย,sabai
soap,สบู่,sabu
sponsor,สปอนเซอร์,saponsoe
council,สภา,sapha
weather,สภาพอากาศ,saphap-akat
balance,สมดุล,somdun
deserve,สมน้ำสมเนื้อ,somnamsomnuea
possession,สมบัติ,sombat
perfect,สมบูรณ์,sombun
complete,สมบูรณ์,sombun
suppose,สมมติ,sammti
assume,สมมติ,sammti
imaginary,สมมุติขึ้น,sommutikhuen
brain,สมอง,samong
association,สมาคม,samakhom
member,สมาชิก,samachik
concentrate,สมาธิ,samathi
concentration,สมาธิ,samathi
sensible,สมเหตุสมผล,somahetsomphon
regularly,สม่ำเสมอ,samamsamoe
praise,สรรเสริญ,sansoen
a,สระ,sa
an,สระ,sa
pool,สระ,sa
summary,สรุป,sap
summarize,สรุป,sap
build,สร้าง,sang
generate,สร้าง,sang
create,สร้าง,sang
construct,สร้าง,sang
establish,สร้าง,sang
inspire,สร้างแรงบันดาลใจ,sangraengbandanchai
salad,สลัด,salat
park,สวน,suan
garden,สวน,suan
wear,สวมใส่,suamsai
beautiful,สวย,suai
heaven,สวรรค์,sawan
hello,สวัสดี,sawatdi
hi,สวัสดี,sawatdi
switch,สวิตซ์,sawit
substance,สสาร,sasan
union,สหภาพ,sahaphap
two,สอง,song
double,สอง,song
twice,สองครั้ง,songkhrang
teach,สอน,son
investigate,สอบสวน,sopsuan
spell,สะกด,sakot
convenient,สะดวกสบาย,saduaksabai
reflect,สะท้อน,sathon
bridge,สะพาน,saphan
clean,สะอาด,sa-at
social,สังคม,sangkhom
society,สังคม,sangkhom
remark,สังเกต,sangket
observe,สังเกต,sangket
contract,สัญญา,sanya
signal,สัญญาณ,sanyan
sign,สัญญาณ,sanyan
noise,สัญญาณรบกวน,sanyanarapkuan
alarm,สัญญาณเตือนภัย,sanyantueanphai
symbol,สัญลักษณ์,sanlak
creature,สัตว์,sat
animal,สัตว์,sat
pet,สัตว์เลี้ยง,satliang
confuse,สับสน,sapson
confused,สับสน,sapson
week,สัปดาห์,sapda
touch,สัมผัส,samphat
relatively,สัมพัทธ์,samphat
relate,สัมพันธ์,samphan
connection,สัมพันธ์,samphan
interview,สัมภาษณ์,samphat
shake,สั่น,san
short,สั้น,san
brief,สั้น,san
department,สาขา,sakha
branch,สาขา,sakha
public,สาธารณะ,satharana
demonstrate,สาธิต,sathit
swear,สาบาน,saban
three,สาม,sam
thirty,สามสิบ,samsip
ordinary,สามัญ,saman
able,สามารถ,samat
capable,สามารถ,samat
husband,สามี,sami
late,สาย,sai
airline,สายการบิน,saikanbin
sight,สายตา,saita
species,สายพันธุ์,saiphan
cable,สายเคเบิล,saikheboen
documentary,สารคดี,sarokhadi
mixture,สารผสม,sarophasom
solution,สารละลาย,sanlalai
chemical,สารเคมี,sankhemi
girl,สาว,sao
cause,สาเหตุ,sahet
key,สำคัญ,samkhan
important,สำคัญ,samkhan
prime,สำคัญ,samkhan
essential,สำคัญ,samkhan
significant,สำคัญ,samkhan
major,สำคัญ,samkhan
crucial,สำคัญมาก,samkhanmak
office,สำนักงาน,samnakngan
explore,สำรวจ,samruat
survey,สำรวจ,samruat
reserve,สำรอง,samrong
for,สำหรับ,samrap
copy,สำเนา,samnao
August,สิงหาคม,singhakhom
lion,สิงโต,singto
goods,สินค้า,sinkha
product,สินค้า,sinkha
ten,สิบ,sip
twelve,สิบสอง,sipsong
thirteen,สิบสาม,sipsam
fourteen,สิบสี่,sipsi
sixteen,สิบหก,siphok
fifteen,สิบห้า,sipha
nineteen,สิบเก้า,sipkao
seventeen,สิบเจ็ด,sipchet
eleven,สิบเอ็ด,sip-et
eighteen,สิบแปด,sippaet
stuff,สิ่ง,sing
thing,สิ่ง,sing
item,สิ่งของ,singkhong
publication,สิ่งพิมพ์,singphim
facility,สิ่งอำนวยความสะดวก,sing-amnuaikhwamsaduak
environment,สิ่งแวดล้อม,singwaetlom
environmental,สิ่งแวดล้อม,singwaetlom
anything,สิ่งใด,singdai
ending,สิ้นสุด,sinsut
colour,สี,si
paint,สี,si
pink,สีชมพู,sichomphu
black,สีดำ,sidam
brown,สีน้ำตาล,sinamtan
biscuit,สีน้ำตาลอ่อน,sinamtan-on
blue,สีน้ำเงิน,sinamngoen
blonde,สีบลอนด์,siplon
purple,สีม่วง,simuang
green,สีเขียว,sikhiao
grey,สีเทา,sithao
yellow,สีเหลือง,silueang
red,สีแดง,sidaeng
four,สี่,si
forty,สี่สิบ,sisip
square,สี่เหลี่ยม,siliam
media,สื่อ,sue
communicate,สื่อสาร,suesan
brilliant,สุกใส,suksai
delight,สุข,suk
health,สุขภาพ,sukphap
extreme,สุดขีด,sutkhit
final,สุดท้าย,sutthai
weekend,สุดสัปดาห์,sutsapda
net,สุทธิ,sutthi
polite,สุภาพ,suphap
gentleman,สุภาพบุรุษ,suphapburut
high,สูง,sung
Advanced,สูง,sung
tall,สูง,sung
upwards,สูงกว่า,sungkwa
steep,สูงชัน,sungchan
elderly,สูงอายุ,sung-ayu
lost,สูญหาย,sunhai
recipe,สูตรอาหาร,suttahan
suit,สูท,sut
fight,สู้,su
club,สโมสร,samoson
style,สไตล์,satai
slide,สไลด์,salai
send,ส่ง,song
impact,ส่งผลกระทบ,songphonkrathop
deliver,ส่งมอบ,songmop
export,ส่งออก,song-ok
encourage,ส่งเสริม,songsoem
promote,ส่งเสริม,songsoem
personally,ส่วนตัว,suantua
addition,ส่วนที่เพิ่มเข้าไป,suanthiphoemkhaopai
rest (sleep/relax),ส่วนที่เหลือ (การนอนหลับ / ผ่อนคลาย),suanthiluea phakannonkhlai
rest (remaining part),ส่วนที่เหลือ (ส่วนที่เหลือ),suanthiluea phusanthiluea
personal,ส่วนบุคคล,suanbukkhon
component,ส่วนประกอบ,suanprakop
ingredient,ส่วนผสม,suanphasom
discount,ส่วนลด,suanlot
part,ส่วนหนึ่ง,suannueng
largely,ส่วนใหญ่,suanyai
mainly,ส่วนใหญ่,suanyai
mostly,ส่วนใหญ่,suanyai
majority,ส่วนใหญ่,suanyai
heel,ส้น,son
orange,ส้ม,som
fork,ส้อม,som
six,หก,hok
sixty,หกสิบ,hoksip
nervous,หงุดหงิด,ngutngit
woman,หญิง,ying
female,หญิง,ying
grass,หญ้า,ya
depressed,หดหู่,hothu
heavy,หนัก,nak
heavily,หนัก,nak
movie,หนัง,nang
action,หนังบู๊,nangbu
leather,หนังสัตว์,nangsat
book,หนังสือ,nangsue
newspaper,หนังสือพิมพ์,nangsuephim
passport,หนังสือเดินทาง,nangsuedoenthang
thick,หนา,na
escape,หนี,ni
debt,หนี้สิน,nisin
one,หนึ่ง,nueng
youth,หนุ่ม,num
young,หนุ่มสาว,numsao
unit,หน่วย,nuai
memory,หน่วยความจำ,nuaikhwamcham
agency,หน่วยงาน,nuai-ngan
page,หน้า,na
monitor,หน้าจอ,nacho
window,หน้าต่าง,natang
duty,หน้าที่,nathi
mission,หน้าที่,nathi
chest,หน้าอก,na-ok
desperate,หมดหวัง,motwang
hat,หมวก,muak
engaged,หมั้น,man
dog,หมา,ma
bear (deal with),หมี (ข้อตกลงกับ),mi phokklongkap
bear (animal),หมี (สัตว์),mi phasat
pin,หมุด,mut
pig,หมู,mu
village,หมู่บ้าน,muban
pot,หม้อ,mo
rude,หยาบ,yap
curly,หยิก,yik
stop,หยุด,yut
break,หยุดพัก,yutphak
or,หรือ,rue
luxury,หรูหรา,rura
royal,หลวง,luang
loose,หลวม,luam
tube,หลอด,lot
principle,หลัก,lak
main,หลัก,lak
evidence,หลักฐาน,lakthan
course,หลักสูตร,laksut
behind,หลัง,lang
roof,หลังคา,langkha
after,หลังจาก,langchak
several,หลาย,lai
multiple,หลายอย่าง,laiyang
avoid,หลีกเลี่ยงการ,likliangkan
drop,หล่น,lon
cast,หล่อ,lo
sweet,หวาน,wan
tower,หอคอย,hokhoi
title,หัวข้อ,huakho
topic,หัวข้อเรื่อง,huakhorueang
chief,หัวหน้า,huana
leader,หัวหน้า,huana
onion,หัวหอม,huahom
laugh,หัวเราะ,huaro
old-fashioned,หัวโบราณ,huaboran
heart,หัวใจ,huachai
find,หา,ha
would,หากว่า,hakwa
tail,หาง,hang
rare,หายาก,hayak
breathe,หายใจ,haichai
missing,หายไป,haipai
disappear,หายไป,haipai
divide,หาร,han
stone,หิน,hin
snow,หิมะ,hima
hungry,หิว,hio
shelf,หิ้ง,hing
valley,หุบเขา,hupkhao
robot,หุ่นยนต์,hunyon
share,หุ้น,hun
partner,หุ้นส่วน,hunsuan
ear,หู,hu
wrap,ห่อ,ho
remote,ห่างไกล,hangklai
far,ห่างไกล,hangklai
room,ห้อง,hong
bedroom,ห้องนอน,hongnon
toilet,ห้องน้ำ,hongnam
laboratory,ห้องปฏิบัติการ,hongpatibattan
lab,ห้องปฏิบัติการ,hongpatibattan
library,ห้องสมุด,hongsamut
bathroom,ห้องอาบน้ำ,hong-apnam
classroom,ห้องเรียน,hongrian
hall,ห้องโถง,hongthong
five,ห้า,ha
mall,ห้างสรรพสินค้า,hangsapphasinkha
ban,ห้าม,ham
fifty,ห้าสิบ,hasip
corporate,องค์กร,ongkon
organization,องค์กร,ongkon
patient,อดทน,otthon
former,อดีต,adit
past,อดีต,adit
explain,อธิบาย,athibai
describe,อธิบาย,athibai
pray,อธิษฐาน,athitthan
future,อนาคต,anakhot
junior,อนุ,anu
licence,อนุญาต,anuyat
allow,อนุญาต,anuyat
approve,อนุมัติ,anumat
conservative,อนุรักษนิยม,anuraksaniyom
preserve,อนุรักษ์,anurak
bake,อบ,op
warm,อบอุ่น,op-un
apartment,อพาร์ทเม้น,aphatmen
debate,อภิปราย,aphiprai
discussion,อภิปรายผล,aphipraiphon
survive,อยู่รอด,yurot
widely,อย่างกว้างขวาง,yangkwangkhwang
easily,อย่างง่ายดาย,yangngaidai
seriously,อย่างจริงจัง,yangchingchang
necessarily,อย่างจำเป็น,yangchampen
obviously,อย่างชัดเจน,yangchatchen
properly,อย่างถูกต้อง,yangthuktong
commonly,อย่างธรรมดา,yangthammada
extremely,อย่างมาก,yangmak
highly,อย่างมาก,yangmak
significantly,อย่างมีความหมาย,yangmikhwammai
quickly,อย่างรวดเร็ว,yangruatreo
rapidly,อย่างรวดเร็ว,yangruatreo
perfectly,อย่างสมบูรณ์,yangsombun
completely,อย่างสมบูรณ์,yangsombun
constantly,อย่างสม่ำเสมอ,yangsamsamoe
entirely,อย่างสิ้นเชิง,yangsinchoeng
such,อย่างเช่น,yangchen
fully,อย่างเต็มที่,yangtemthi
fairly,อย่างเป็นธรรม,yangpentham
clearly,อย่างเห็นได้ชัด,yanghendaichat
truly,อย่างแท้จริง,yangthaeching
certainly,อย่างแน่นอน,yangnaenon
surely,อย่างแน่นอน,yangnaenon
exactly,อย่างแน่นอน,yangnaenon
definitely,อย่างแน่นอน,yangnaenon
absolutely,อย่างแน่นอน,yangnaenon
closely,อย่างใกล้ชิด,yangklaichit
how,อย่างไร,yangrai
however,อย่างไรก็ตาม,yangraikotam
anyway,อย่างไรก็ตาม,yangraikotam
delicious,อร่อย,oi
organ,อวัยวะ,awaiwa
out,ออก,ok
leave,ออกจาก,okchak
emerge,ออกมา,okma
broadcast,ออกอากาศ,ok-akat
pronounce,ออกเสียง,oksiang
design,ออกแบบ,okbaep
online,ออนไลน์,onlai
what,อะไร,arai
whatever,อะไรก็ตาม,araikotam
danger,อันตราย,antrai
risk,อันตราย,antrai
harm,อันตราย,antrai
album,อัลบั้ม,anbam
ah,อา,a
symptom,อาการ,akan
headache,อาการปวดหัว,akanpuathua
air,อากาศ,akat
aircraft,อากาศยาน,akatyan
building,อาคาร,akhan
possibly,อาจ,at
May,อาจ,at
probably,อาจ,at
maybe,อาจจะ,atcha
instructor,อาจารย์ผู้สอน,achanphuson
might modal,อาจเป็นกิริยาช่วย,atpenkiriyachuai
may modal,อาจเป็นกิริยาช่วย,atpenkiriyachuai
criminal,อาชญากร,atyakon
crime,อาชญากรรม,atyakam
career,อาชีพ,achip
profession,อาชีพ,achip
shy,อาย,ai
age,อายุ,ayu
emotional,อารมณ์,arom
emotion,อารมณ์,arom
mood,อารมณ์,arom
humour,อารมณ์ขัน,aromkhan
upset,อารมณ์เสีย,aromsia
armed,อาวุธ,awut
weapon,อาวุธ,awut
arms,อาวุธ,awut
volunteer,อาสาสมัคร,asasamakkhon
feed,อาหาร,ahan
food,อาหาร,ahan
meal,อาหาร,ahan
diet,อาหาร,ahan
lunch,อาหารกลางวัน,ahanklangwan
breakfast,อาหารเช้า,ahanchao
dinner,อาหารเย็น,ahanyen
authority,อำนาจ,amnat
power,อำนาจ,amnat
district,อำเภอ,amphoe
internet,อินเทอร์เน็ต,inthoenet
independent,อิสระ,isara
electronic,อิเล็กทรอนิกส์,ilekthon-anik
again,อีกครั้ง,ikkhrang
mail,อีเมล,imen
email,อีเมล,imen
uncomfortable,อึดอัด,uet-at
embarrassed,อึดอัดใจ,uet-atchai
else,อื่น,uen
another,อื่น,uen
other,อื่น ๆ,uen wo
temperature,อุณหภูมิ,unhum
industry,อุตสาหกรรม,utsahakam
appeal,อุทธรณ์,utthon
incident,อุบัติการณ์,ubatikan
accident,อุบัติเหตุ,ubathet
equipment,อุปกรณ์,upakon
barrier,อุปสรรค,upsak
tunnel,อุโมงค์,umong
mild,อ่อน,on
soft,อ่อนนุ่ม,onnum
weak,อ่อนแอ,on-ae
gentle,อ่อนโยน,onyon
read,อ่าน,an
fat,อ้วน,uan
refer,อ้างถึง,angthueng
cite,อ้างอิง,ang-ing
quote,อ้างอิง,ang-ing
hockey,ฮอกกี้,hokki
criterion,เกณฑ์,ken
game,เกม,kem
afraid,เกรงกลัว,krengklua
grade,เกรด,kret
hate,เกลียด,kliat
salt,เกลือ,kluea
retire,เกษียณอายุ,kasian-ayu
island,เกาะ,ko
born,เกิด,koet
arise,เกิดขึ้น,koetkhuen
happen,เกิดขึ้น,koetkhuen
occur,เกิดขึ้น,koetkhuen
react,เกิดปฏิกิริยา,koetpatikiriya
beyond,เกิน,koen
over,เกิน,koen
too,เกินไป,koenpai
honour,เกียรติ,kiat
about,เกี่ยวกับ,kiaokap
educational,เกี่ยวกับการศึกษา,kiaokapkansueksa
connected,เกี่ยวข้อง,kiaokhong
nearly,เกือบ,kueap
almost,เกือบจะ,kueapcha
store,เก็บ,kep
collect,เก็บ,kep
keep,เก็บ,kep
maintain,เก็บรักษา,kepraksa
old,เก่า,kao
nine,เก้า,kao
ninety,เก้าสิบ,kaosip
chair,เก้าอี้,kao-i
county,เขต,khet
tropical,เขตร้อน,khetron
he,เขา,khao
him,เขา,khao
written,เขียน,khian
write,เขียน,khian
needle,เข็ม,khem
belt,เข็มขัด,khemkhat
knee,เข่า,khao
intense,เข้มข้น,khemkhon
strict,เข้มงวด,khemnguat
stay,เข้าพัก,khaophak
attend,เข้าร่วม,khaoruam
enter,เข้าสู่,khaosu
approach,เข้าใกล้,khaoklai
understand,เข้าใจ,khaochai
access,เข้าไป,khaopai
into,เข้าไป,khaopai
chemistry,เคมี,khemi
ever,เคย,khoei
used to,เคย,khoei
credit,เครดิต,khredit
network,เครือข่าย,khrueakhai
device,เครื่อง,khrueang
machine,เครื่อง,khrueang
instrument,เครื่องดนตรี,khrueangdontri
heating,เครื่องทำความร้อน,khrueangthamkhwamron
plane,เครื่องบิน,khrueangbin
decoration,เครื่องประดับ,khrueangpradap
printer,เครื่องพิมพ์,khrueangphim
tool,เครื่องมือ,khrueangmue
engine,เครื่องยนต์,khrueangyon
motor,เครื่องยนต์,khrueangyon
mark,เครื่องหมาย,khrueangmai
jewellery,เครื่องเพชรพลอย,khrueangphetphloi
religious,เคร่งศาสนา,khrengsatsana
trick,เคล็ดลับ,khletlap
desk,เคาน์เตอร์,khaotoe
respect,เคารพ,khaorop
knock,เคาะ,khao
cake,เค้ก,khek
outline,เค้าโครง,khaokhrong
shadow,เงา,ngao
penny,เงิน,ngoen
money,เงิน,ngoen
silver,เงิน,ngoen
loan,เงินกู้,ngoenku
currency,เงินตรา,ngoentra
pension,เงินบำนาญ,ngoenbamnan
cash,เงินสด,ngoensot
salary,เงินเดือน,ngoenduean
income,เงินได้,ngoendai
silent,เงียบ,ngiap
quiet,เงียบ,ngiap
quietly,เงียบ ๆ,ngiap wo
calm,เงียบสงบ,ngiapsa-ngop
peaceful,เงียบสงบ,ngiapsa-ngop
clue,เงื่อนงำ,ngueanngam
condition,เงื่อนไข,ngueankhai
grow,เจริญ,charoen
seven,เจ็ด,chet
seventy,เจ็ดสิบ,chetsip
hurt,เจ็บ,chep
painful,เจ็บปวด,cheppuat
lord,เจ้า,chao
owner,เจ้าของ,chaokhong
prince,เจ้าชาย,chaochai
master,เจ้านาย,chaonai
host,เจ้าภาพ,chaophap
bride,เจ้าสาว,chaosao
princess,เจ้าหญิง,chaoying
officer,เจ้าหน้าที่,chaonathi
specifically,เฉพาะ,chapho
gallery,เฉลียง,chaliang
average,เฉลี่ย,chalia
commercial,เชิงพาณิชย์,choengphanit
negative,เชิงลบ,choenglop
invite,เชิญ,choen
string,เชือก,chueak
rope,เชือก,chueak
believe,เชื่อ,chuea
obey,เชื่อฟัง,chueafang
chain,เชื่อมต่อ,chueamto
convinced,เชื่อว่า,chueawa
fuel,เชื้อเพลิง,chueaphloeng
as,เช่น,chen
like (find sb/sth pleasant),เช่น (พบ SB / ฏรื่นรมย์),chen phop ro ap ro ap ro ap ro ap ro ap ro ap ro ap ro ap ro ap ro ap ro ap ro ap ro ap ro ap ro ap 
rent,เช่า,chao
cell,เซลล์,sen
session,เซสชั่น,setchan
guess,เดา,dao
walk,เดิน,doen
bet,เดิมพัน,doemphan
single,เดียว,diao
month,เดือน,duean
child,เด็ก,dek
kid,เด็ก,dek
boy,เด็กผู้ชาย,dekphuchai
apparently,เด่นชัด,denchat
prepare,เตรียมการ,triamkan
arrange,เตรียมการ,triamkan
kick,เตะ,te
cooker,เตา,tao
oven,เตาอบ,tao-op
fill,เติม,toem
bed,เตียง,tiang
remind,เตือน,tuean
warn,เตือน,tuean
tent,เต็นท์,ten
full,เต็ม,tem
willing,เต็มใจ,temchai
dance,เต้นรำ,tenram
breast,เต้านม,taonom
argue,เถียง,thiang
pour,เท,the
technique,เทคนิค,theknik
technology,เทคโนโลยี,theknoloiyi
tennis,เทนนิส,thennit
tape,เทป,thep
artificial,เทียม,thiam
midnight,เที่ยงคืน,thiangkhuen
flight,เที่ยวบิน,thiaobin
equal,เท่ากัน,thaokan
only,เท่านั้น,thaonan
foot,เท้า,thao
she,เธอ,thoe
her,เธอ,thoe
butter,เนย,noei
hill,เนินเขา,noenkhao
meat,เนื้อ,nuea
beef,เนื้อวัว,nueawua
content,เนื้อหา,nueaha
emphasize,เน้น,nen
petrol,เบนซิน,bensin
beer,เบียร์,bia
bored,เบื่อ,buea
compare,เปรียบเทียบ,priapthiap
flame,เปลวไฟ,pleofai
shift,เปลี่ยน,plian
change,เปลี่ยนแปลง,plianplaeng
shell,เปลือก,plueak
shine,เปล่งปลั่ง,plengplang
open,เปิด,poet
launch,เปิด,poet
expose,เปิดเผย,poetphoei
reveal,เปิดเผย,poetphoei
wet,เปียก,piak
piano,เปียโน,piano
be,เป็น,pen
belong,เป็นของ,penkhong
occasionally,เป็นครั้งคราว,penkhrangkhrao
first,เป็นครั้งแรก,penkhrangraek
original,เป็นต้นฉบับ,pentonchabap
formal,เป็นทางการ,penthangkan
official,เป็นทางการ,penthangkan
popular,เป็นที่นิยม,penthiniyom
naturally,เป็นธรรมชาติ,penthammachat
partly,เป็นบางส่วน,penbangsuan
typically,เป็นปกติ,penpokati
helpful,เป็นประโยชน์,penprayot
poisonous,เป็นพิษ,penphit
basically,เป็นพื้น,penphuen
human,เป็นมนุษย์,penmanut
friendly,เป็นมิตร,penmit
happily,เป็นสุข,pensuk
owe,เป็นหนี้,penni
harmful,เป็นอันตราย,pen-antrai
dangerous,เป็นอันตราย,pen-antrai
unique,เป็นเอกลักษณ์,pen-eklak
possible,เป็นไปได้,penbaidai
likely,เป็นไปได้,penbaidai
impossible,เป็นไปไม่ได้,penpaimaidai
target,เป้า,pao
goal,เป้าหมาย,paomai
burn,เผา,phao
diamond,เพชร,phet
ceiling,เพดาน,phedan
because,เพราะ,phro
music,เพลง,phleng
song,เพลง,phleng
rock (music),เพลงร็อค),phlengrokha
sex,เพศ,phet
add,เพิ่ม,phoem
increase,เพิ่มขึ้น,phoemkhuen
additional,เพิ่มเติม,phoemtoem
friend,เพื่อน,phuean
neighbour,เพื่อนบ้าน,phueanban
colleague,เพื่อนร่วมงาน,phueanruamngan
furniture,เฟอร์นิเจอร์,foenichoe
cloud,เมฆ,mek
metre,เมตร,met
menu,เมนู,menu
grain,เมล็ดข้าว,meletkhao
seed,เมล็ดพันธุ์,meletphan
April,เมษายน,mesayon
drunk,เมา,mao
city,เมือง,mueang
capital,เมืองหลวง,mueangluang
upon,เมื่อ,muea
yesterday,เมื่อวาน,mueawan
recent,เมื่อเร็ว ๆ นี้,mueareo ni
recently,เมื่อเร็ว ๆ นี้,mueareo ni
whenever,เมื่อไรก็ตาม,muearaikotam
when,เมื่อไหร่,muearai
mouse,เม้าส์,mao
visit,เยือน,yuean
cool,เย็น,yen
cold,เย็น,yen
us,เรา,rao
we,เรา,rao
begin,เริ่ม,roem
start,เริ่มต้น,roemton
essay,เรียงความ,riangkhwam
learn,เรียน,rian
smooth,เรียบ,riap
neat,เรียบร้อย,riaproi
tidy,เรียบร้อย,riaproi
boat,เรือ,ruea
ship,เรือ,ruea
affair,เรื่อง,rueang
matter,เรื่อง,rueang
subject,เรื่อง,rueang
joke,เรื่องตลก,rueangtalok
story,เรื่องราว,rueangrao
fiction,เรื่องอ่านเล่น,rueang-anlen
maths,เลข,lek
secretary,เลขานุการ,lekhanukan
quit,เลิก,loek
pick,เลือก,lueak
choose,เลือก,lueak
select,เลือก,lueak
blood,เลือด,lueat
small,เล็ก,lek
slightly,เล็กน้อย,leknoi
slight,เล็กน้อย,leknoi
nail,เล็บ,lep
play,เล่น,len
platform,เวที,wethi
stage,เวที,wethi
time,เวลา,wela
web,เว็บ,wep
website,เว็บไซต์,wepsai
site,เว็บไซต์,wepsai
unless,เว้นแต่,wentae
economic,เศรษฐกิจ,setthakit
economy,เศรษฐกิจ,setthakit
sadly,เศร้า,sao
strongly,เสถียร,sathian
propose,เสนอ,sanoe
submit,เสนอ,sanoe
offer,เสนอ,sanoe
attraction,เสน่ห์,sane
always,เสมอ,samoe
virtual,เสมือน,samuean
freedom,เสรีภาพ,seriphap
finish,เสร็จสิ้น,setsin
post,เสา,sao
broken,เสีย,sia
sound,เสียง,siang
voice,เสียงพูด,siangphut
shout,เสียงร้อง,siangrong
laughter,เสียงหัวเราะ,sianghuaro
sad,เสียใจ,siachai
regret,เสียใจ,siachai
sweater,เสื้อกันหนาว,sueakannao
clothing,เสื้อผ้า,sueapha
clothes,เสื้อผ้า,sueapha
T-shirt,เสื้อยืดคอกลม,sueayuetkhoklom
shirt,เสื้อเชิ้ต,sueachoet
coat,เสื้อโค้ท,sueakhot
path,เส้นทาง,senthang
route,เส้นทาง,senthang
nerve,เส้นประสาท,senprasat
curve,เส้นโค้ง,senkhong
event,เหตุการณ์,hetkan
reason,เหตุผล,hetphon
sticky,เหนียว,niao
tired,เหนื่อย,nueai
proper,เหมาะสม,mosom
decent,เหมาะสม,mosom
suitable,เหมาะสม,mosom
like (similar),เหมือน (คล้าย),muean phakhlai
same,เหมือนกัน,mueankan
uniform,เหมือนกัน,mueankan
similarly,เหมือนกับ,mueankap
realistic,เหมือนจริง,mueanching
victim,เหยื่อ,yuea
coin,เหรียญ,rian
incredible,เหลือเชื่อ,lueachuea
incredibly,เหลือเชื่อ,lueachuea
steel,เหล็ก,lek
iron,เหล็ก,lek
apparent,เห็นได้ชัด,hendaichat
private,เอกชน,ekkhon
identity,เอกลักษณ์,eklak
document,เอกสาร,eksan
take,เอา,ao
conclude,เอาเป็นว่า,aopenwa
helicopter,เฮลิคอปเตอร์,lekhopaooe
hey,เฮ้,he
expensive,เเพง,pheng
core,แกน,kaen
pretend,แกล้งทำ,klaengtham
sheep,แกะ,kae
solve,แก้,kae
fix,แก้ไข,kaekhai
edit,แก้ไข,kaekhai
resolve,แก้ไข,kaekhai
correct,แก้ไข,kaekhai
alter,แก้ไข,kaekhai
fixed,แก้ไขแล้ว,kaekhlaeo
revise,แก้ไขใหม่,kaekhaimai
gang,แก๊ง,kaeng
gas,แก๊ส,kaet
guest,แขก,khaek
arm,แขน,khaen
hang,แขวน,khwaen
stiff,แข็ง,khaeng
freeze,แข็ง,khaeng
strong,แข็งแรง,khaengraeng
healthy,แข็งแรง,khaengraeng
compete,แข่งขัน,khaengkhan
narrow,แคบ,khaep
camping,แคมป์ปิ้ง,khaemping
carrot,แครอท,khraet
just,แค่,khae
aspect,แง่มุม,ngaemum
jacket,แจ็คเก็ต,chaekket
inform,แจ้ง,chaeng
notice,แจ้งให้ทราบ,chaenghaisap
jazz,แจ๊ส,chaet
champion,แชมป์,chaem
frozen,แช่แข็ง,chaekhaeng
sandwich,แซนด์วิช,saenwit
unlike,แตกต่าง,taektang
vary,แตกต่าง,taektang
but,แต่,tae
marry,แต่งงาน,taengngan
married,แต่งงาน,taengngan
dressed,แต่งตัว,taengtua
dress,แต่งตัว,taengtua
make,แต่งหน้า,taengna
nevertheless,แต่ถึงอย่างไร,taethuengyangrai
whereas,แต่ทว่า,taethawa
each,แต่ละ,taela
originally,แต่เดิม,taedoem
row,แถว,thaeo
represent,แทน,thaen
instead,แทน,thaen
replace,แทนที่,thaenthi
hardly,แทบจะไม่,thaepchamai
tablet,แท็บเล็ต,thaeplet
actually,แท้จริง,thaeching
attach,แนบ,naep
concept,แนวคิด,naeokhit
trend,แนวโน้ม,naeonom
introduce,แนะนำ,nanam
recommend,แนะนำ,nanam
suggest,แนะนำ,nanam
tight,แน่น,naen
exact,แน่นอน,naenon
absolute,แน่นอน,naenon
certain,แน่นอน,naenon
sure,แน่ใจ,naechai
bacteria,แบคทีเรีย,baekthiria
battery,แบตเตอรี่,baettoeri
flat,แบน,baen
model,แบบ,baep
traditional,แบบดั้งเดิม,baepdangdoem
form,แบบฟอร์ม,baepfom
pattern,แบบแผน,baepphaen
eight,แปด,paet
eighty,แปดสิบ,paetsip
brush,แปรง,praeng
odd,แปลก,plaek
strange,แปลก,plaek
surprise,แปลกใจ,plaekchai
convert,แปลง,plaeng
transform,แปลง,plaeng
translate,แปลภาษา,plaephasa
flour,แป้ง,paeng
keyboard,แป้นพิมพ์,paenphim
panel,แผงหน้าปัด,phaengnapat
division,แผนก,phaenek
reception,แผนกต้อนรับ,phaenktonrap
map,แผนที่,phaenthi
diagram,แผนภาพ,phaenphap
chart,แผนภูมิ,phaenphum
sheet,แผ่น,phaen
earthquake,แผ่นดินไหว,phaendinwai
pack,แพ็ค,phaek
lose,แพ้,phae
fashion,แฟชั่น,faechan
boyfriend,แฟน,faen
fan,แฟน,faen
girlfriend,แฟน,faen
fancy,แฟนซี,faensi
flash,แฟลช,flaet
spider,แมงมุม,maengmum
insect,แมลง,maleng
cat,แมว,maeo
mother,แม่,mae
mum,แม่,mae
river,แม่น้ำ,maenam
even,แม้,mae
though,แม้,mae
despite,แม้จะมี,maechami
although,แม้ว่า,maeo
split,แยก,yaek
separate,แยก,yaek
identify,แยกแยะ,yaekyae
jam,แยม,yaem
worst,แย่ที่สุด,yaethisut
worse,แย่ลง,yaelong
initial,แรกเริ่ม,raekroem
labour,แรงงาน,raengngan
passion,แรงผลักดัน,raengphlakdan
mineral,แร่,rae
exchange,แลกเปลี่ยน,laekplian
and,และ,lae
laptop,แล็ปท็อป,laepthop
sail,แล่นเรือ,laenruea
already,แล้ว,laeo
then,แล้วก็,laeoko
light (from the sun/a lamp),แสง (จากดวงอาทิตย์ / หลอดไฟ),saeng phachakduang-athitpai
light (not heavy),แสง (ไม่หนัก),saeng phamainak
solar,แสงอาทิตย์,saeng-athit
show,แสดง,sadang
illustrate,แสดง,sadang
indicate,แสดง,sadang
display,แสดง,sadang
justify,แสดงให้เห็นถึง,sadaenghaihenthueng
seek,แสวงหา,sawaengha
pointed,แหลม,laem
source,แหล่ง,laeng
ring,แหวน,waen
ring,แหวน,waen
venue,แห่ง,haeng
national,แห่งชาติ,haengchat
dry,แห้ง,haeng
app,แอป,aep
apple,แอปเปิ้ล,aeppoen
alcohol,แอลกอฮอล์,aelkoho
crowded,แออัด,ae-at
Advance,แอ็ดวานซ์,aetwan
cheat,โกง,kong
angry,โกรธ,krot
lie,โกหก,kohok
lie,โกหก,kohok
lamp,โคมไฟ,khomfai
project,โครงการ,khrongkan
scheme,โครงการ,khrongkan
structure,โครงสร้าง,khrongsang
mud,โคลน,khlon
bend,โค้ง,khong
curved,โค้ง,khong
coach,โค้ช,khot
Advertise,โฆษณา,khosana
silly,โง่,ngo
stupid,โง่,ngo
strike,โจมตี,chomti
attack,โจมตี,chomti
luck,โชค,chok
fortunately,โชคดี,chokdi
lucky,โชคดี,chokdi
fortune,โชคลาภ,choklap
zone,โซน,son
lonely,โดดเดี่ยว,dotdiao
by,โดย,doi
directly,โดยตรง,doitrong
direct,โดยตรง,doitrong
generally,โดยทั่วไป,doithuapai
natural,โดยธรรมชาติ,doithammachat
totally,โดยสิ้นเชิง,doisinchoeng
specific,โดยเฉพาะ,doichapho
particular,โดยเฉพาะ,doichapho
particularly,โดยเฉพาะ,doichapho
especially,โดยเฉพาะอย่างยิ่ง,doichaphoyangying
tone,โทน,thon
call,โทร,thon
TV,โทรทัศน์,thorathat
television,โทรทัศน์,thorathat
phone,โทรศัพท์,thorasap
telephone,โทรศัพท์,thorasap
mobile,โทรศัพท์มือถือ,thorasapmuethue
convince,โน้มน้าวใจ,nomnaochai
ancient,โบราณ,boran
church,โบสถ์,bot
favour,โปรดปราน,protpran
programme,โปรแกรม,prokraem
program,โปรแกรม,prokraem
poster,โปสเตอร์,posatoe
focus,โฟกัส,fokat
o’clock,โมง,mong
throw,โยน,yon
disease,โรค,rok
cancer,โรคมะเร็ง,rokmareng
factory,โรงงาน,rongngan
hospital,โรงพยาบาล,rongphayaban
cinema,โรงภาพยนตร์,rongphapphayon
garage,โรงรถ,rongrot
theatre,โรงละคร,ronglakhon
school,โรงเรียน,rongrian
hotel,โรงแรม,rongraem
romantic,โรแมนติก,romaentik
earth,โลก,lok
world,โลก,lok
metal,โลหะ,loha
cruel,โหดร้าย,hotrai
dozen,โหล,lo
vote,โหวต,hot
opportunity,โอกาส,okat
chance,โอกาส,okat
prospect,โอกาส,okat
occasion,โอกาส,okat
transfer,โอน,on
oh,โอ้,o
near,ใกล้,klai
whom,ใคร,khrai
whose,ใคร,khrai
anybody,ใคร ๆ,khrai  si
anyone,ใคร ๆ,khrai  si
mind,ใจ,chai
generous,ใจกว้าง,chaikwang
impatient,ใจร้อน,chairon
yes,ใช่,chai
yeah,ใช่,chai
use,ใช้,chai
used,ใช้,chai
apply,ใช้,chai
spend,ใช้จ่าย,chaichai
available,ใช้ได้,chaidai
any,ใด,dai
any more,ใด ๆ เพิ่มเติม,dai  choemtoem
underground,ใต้ดิน,taidin
in,ใน,nai
while,ในขณะที่,naikhanathi
meanwhile,ในขณะเดียวกัน,naikhanadiaokan
initially,ในขั้นต้น,naikhanton
abroad,ในต่างประเทศ,naitangprathet
political,ในทางการเมือง,naithangkanmueang
eventually,ในที่สุด,naithisut
ultimately,ในที่สุด,naithisut
finally,ในที่สุด,naithisut
indoors,ในบ้าน,naiban
secondly,ในประการที่สอง,naiprakanthisong
domestic,ในประเทศ,naiprathet
local,ในประเทศ,naiprathet
during,ในระหว่าง,nairawang
indoor,ในร่ม,nairom
today,ในวันนี้,naiwanni
among,ในหมู่,naimu
ideal,ในอุดมคติ,nai-udomkhati
urban,ในเมือง,naimueang
soon,ในไม่ช้า,naimaicha
application,ใบสมัคร,baisamakkhon
order,ใบสั่ง,baisang
face,ใบหน้า,baina
permit,ใบอนุญาต,bai-ununat
receipt,ใบเสร็จรับเงิน,baisetrapngoen
leaf,ใบไม้,baimai
put,ใส่,sai
huge,ใหญ่,yai
big,ใหญ่,yai
large,ใหญ่,yai
new,ใหม่,mai
provide,ให้,hai
give,ให้,hai
educate,ให้ความรู้,haikhwamru
chicken,ไก่,kai
egg,ไข่,khai
flu,ไข้หวัดใหญ่,khaiwatyai
diary,ไดอารี่,dai-ari
could,ได้,dai
hear,ได้ยิน,daiyin
gain,ได้รับ,dairap
obtain,ได้รับ,dairap
earn,ได้รับ,dairap
get,ได้รับ,dairap
injure,ได้รับบาดเจ็บ,dairapbatchep
correctly,ได้อย่างถูกต้อง,daiyangthuktong
go,ไป,pai
away,ไป,pai
towards,ไปทาง,paithang
onto,ไปยัง,paiyang
fire,ไฟ,fai
electrical,ไฟฟ้า,faifa
electric,ไฟฟ้า,faifa
electricity,ไฟฟ้า,faifa
file,ไฟล์,fai
mile,ไมล์,mai
not,ไม่,mai
nor,ไม่,mai
no,ไม่,mai
unexpected,ไม่คาดฝัน,maikhatfan
unnecessary,ไม่จำเป็น,maichampen
dislike,ไม่ชอบ,maichop
bad,ไม่ดี,maidi
badly,ไม่ดี,maidi
wrong,ไม่ถูกต้อง,maithuktong
unknown,ไม่ทราบ,maisap
lack,ไม่มี,maimi
none,ไม่มี,maimi
without,ไม่มี,maimi
unhappy,ไม่มีความสุข,maimikhwamsuk
nowhere,ไม่มีที่ไหนเลย,maimithihailoei
nothing,ไม่มีอะไร,maimi-arai
nobody,ไม่มีใคร,maimikhrai
no one,ไม่มีใคร,maimikhrai
unfair,ไม่ยุติธรรม,maiyutitham
busy,ไม่ว่าง,maiwang
ignore,ไม่สนใจ,maisonchai
unable,ไม่สามารถ,maisamat
dishonest,ไม่สุจริต,maisutcharit
never,ไม่เคย,maikhoei
informal,ไม่เป็นทางการ,maipenthangkan
unpleasant,ไม่เป็นที่พอใจ,maipenthiphochai
opposed,ไม่เห็นด้วย,maihenduai
disagree,ไม่เห็นด้วย,maihenduai
unlikely,ไม่แน่,mainae
cannot,ไม่ได้,maidai
unconscious,ไม่ได้สติ,maidaisati
wood,ไม้,mai
line,ไลน์,lai
pursue,ไล่ตาม,laitam
wine,ไวน์,wai
virus,ไวรัส,wairat
silk,ไหม,haimai
flow,ไหล,lai
shoulder,ไหล่,lai
ice cream,ไอศครีม,aitkhrim
highlight,ไฮไลท์,hailai
